strategy,symbol,timeframe,mode,rr_cap,trade_count,resolved_count,wins,losses,win_rate,tp1_count,tp2_count,sl_count,net_r,profit_factor,expectancy,average_r,average_winning_r,average_losing_r,max_drawdown_r,max_consecutive_wins,max_consecutive_losses,outlier_dependency
Classic,EURUSD,M1,Baseline,,1112,1112,192,920,0.17266187050359713,168,24,920,913.9230278931313,1.9933945955360124,0.8218732265226001,0.8218732265226001,9.551682436943393,-1.0,141.74251441156275,4,38,High R-Multiple Sensitivity
Classic,EURUSD,M1,Cap_5.0,,1112,1112,192,920,0.17266187050359713,168,24,920,-321.9000732077884,0.6501086160784904,-0.28947848310052915,-0.28947848310052915,3.1151037853761006,-1.0,334.03299722390165,4,38,High R-Multiple Sensitivity
Classic,EURUSD,M1,Cap_4.0,,1112,1112,192,920,0.17266187050359713,168,24,920,-377.5217245414983,0.5896502994114149,-0.339497953724369,-0.339497953724369,2.825407684679695,-1.0,378.92376366856666,4,38,High R-Multiple Sensitivity
Classic,EURUSD,M1,Cap_3.0,,1112,1112,192,920,0.17266187050359713,168,24,920,-447.302436238019,0.5138016997412836,-0.40225039230037685,-0.40225039230037685,2.461966477926983,-1.0,448.6557368556573,4,38,High R-Multiple Sensitivity
Classic,EURUSD,M1,Cap_2.5,,1112,1112,192,920,0.17266187050359713,168,24,920,-494.69680202252897,0.46228608475812083,-0.44487122484040376,-0.44487122484040376,2.2151208227993275,-1.0,496.05010264016727,4,38,High R-Multiple Sensitivity
Classic,EURUSD,M1,Cap_2.0,,1112,1112,192,920,0.17266187050359713,168,24,920,-552.0096684235303,0.39998949084398905,-0.4964115723233187,-0.4964115723233187,1.9166163102941134,-1.0,553.0096684235303,4,38,High R-Multiple Sensitivity
Classic,EURUSD,M5,Baseline,,939,939,152,787,0.16187433439829607,138,14,787,1998.2864672161252,3.5391187639340855,2.128100604064031,2.128100604064031,18.324253073790295,-1.0,79.58167533740317,4,35,High R-Multiple Sensitivity
Classic,EURUSD,M5,Cap_5.0,,939,939,152,787,0.16187433439829607,138,14,787,-337.8614045432549,0.570697071736652,-0.3598098024954791,-0.3598098024954791,2.9548591806364803,-1.0,345.9204088796603,4,35,High R-Multiple Sensitivity
Classic,EURUSD,M5,Cap_4.0,,939,939,152,787,0.16187433439829607,138,14,787,-372.3511015956467,0.526872806104642,-0.3965400442978133,-0.3965400442978133,2.7279532789760075,-1.0,379.4101059320521,4,35,High R-Multiple Sensitivity
Classic,EURUSD,M5,Cap_3.0,,939,939,152,787,0.16187433439829607,138,14,787,-421.832018766315,0.463999976154619,-0.4492353767479393,-0.4492353767479393,2.402420929168981,-1.0,427.3897843083874,4,35,High R-Multiple Sensitivity
Classic,EURUSD,M5,Cap_2.5,,939,939,152,787,0.16187433439829607,138,14,787,-456.108247954115,0.42044695304432694,-0.48573828323121937,-0.48573828323121937,2.1769194213545084,-1.0,460.16601349618736,4,35,High R-Multiple Sensitivity
Classic,EURUSD,M5,Cap_2.0,,939,939,152,787,0.16187433439829607,138,14,787,-498.46379667389755,0.36662795848297663,-0.5308453638699654,-0.5308453638699654,1.8982644955664647,-1.0,501.0245513935089,4,35,High R-Multiple Sensitivity
Classic,EURUSD,M15,Baseline,,242,242,45,197,0.1859504132231405,41,4,197,-50.05365103561181,0.7459205531187217,-0.20683326874219754,-0.20683326874219754,3.2654744214308487,-1.0,60.34232781457553,3,15,N/A (baseline non-positive)
Classic,EURUSD,M15,Cap_5.0,,242,242,45,197,0.1859504132231405,41,4,197,-62.913512343077045,0.6806420693244821,-0.2599731915003184,-0.2599731915003184,2.9796997257093985,-1.0,68.91843054813484,3,15,N/A (baseline non-positive)
Classic,EURUSD,M15,Cap_4.0,,242,242,45,197,0.1859504132231405,41,4,197,-72.65133312199033,0.6312115069949731,-0.300212120338803,-0.300212120338803,2.7633037084002146,-1.0,77.45936584252696,3,15,N/A (baseline non-positive)
Classic,EURUSD,M15,Cap_3.0,,242,242,45,197,0.1859504132231405,41,4,197,-88.11761433750165,0.55270246529187,-0.3641223732954614,-0.3641223732954614,2.419608570277741,-1.0,91.11761433750165,3,15,N/A (baseline non-positive)
Classic,EURUSD,M15,Cap_2.5,,242,242,45,197,0.1859504132231405,41,4,197,-99.11761433750165,0.4968649018400933,-0.4095769187500068,-0.4095769187500068,2.1751641258332963,-1.0,101.11761433750165,3,15,N/A (baseline non-positive)
Classic,EURUSD,M15,Cap_2.0,,242,242,45,197,0.1859504132231405,41,4,197,-111.49086487026273,0.4340565235012045,-0.4607060531829038,-0.4607060531829038,1.9002030028830503,-1.0,112.49086487026273,3,15,N/A (baseline non-positive)
Classic,EURUSD,M30,Baseline,,177,177,29,148,0.1638418079096045,28,1,148,-44.3507522593962,0.7003327550040799,-0.2505692218044983,-0.2505692218044983,3.5741119910553034,-1.0,44.85963720789159,2,20,N/A (baseline non-positive)
Classic,EURUSD,M30,Cap_5.0,,177,177,29,148,0.1638418079096045,28,1,148,-62.10592779450679,0.5803653527398192,-0.3508809479915638,-0.3508809479915638,2.961864558810111,-1.0,62.614812743002176,2,20,N/A (baseline non-positive)
Classic,EURUSD,M30,Cap_4.0,,177,177,29,148,0.1638418079096045,28,1,148,-67.41893722126196,0.5444666403968786,-0.38089795040260993,-0.38089795040260993,2.778657337197864,-1.0,67.92782216975735,2,20,N/A (baseline non-positive)
Classic,EURUSD,M30,Cap_3.0,,177,177,29,148,0.1638418079096045,28,1,148,-78.15943306558674,0.4718957225298193,-0.44157871788467085,-0.44157871788467085,2.408295411531492,-1.0,78.66831801408213,2,20,N/A (baseline non-positive)
Classic,EURUSD,M30,Cap_2.5,,177,177,29,148,0.1638418079096045,28,1,148,-85.0241095126184,0.4255127735633892,-0.4803622006362621,-0.4803622006362621,2.171582430599366,-1.0,85.53299446111379,2,20,N/A (baseline non-positive)
Classic,EURUSD,M30,Cap_2.0,,177,177,29,148,0.1638418079096045,28,1,148,-93.26113514420507,0.3698571949715873,-0.5268990686113281,-0.5268990686113281,1.8875470639929282,-1.0,93.77002009270046,2,20,N/A (baseline non-positive)
Classic,EURUSD,H1,Baseline,,111,111,23,88,0.2072072072072072,22,1,88,-14.746536292235284,0.8324257239518719,-0.13285167830842598,-0.13285167830842598,3.1849332046854224,-1.0,21.280806575765773,3,13,N/A (baseline non-positive)
Classic,EURUSD,H1,Cap_5.0,,111,111,23,88,0.2072072072072072,22,1,88,-22.92466944034796,0.7394923927233187,-0.20652855351664828,-0.20652855351664828,2.829362198245741,-1.0,24.51021809494649,3,13,N/A (baseline non-positive)
Classic,EURUSD,H1,Cap_4.0,,111,111,23,88,0.2072072072072072,22,1,88,-27.36729087514098,0.6890080582370343,-0.24655217004631513,-0.24655217004631513,2.636204744559088,-1.0,28.952839529739514,3,13,N/A (baseline non-positive)
Classic,EURUSD,H1,Cap_3.0,,111,111,23,88,0.2072072072072072,22,1,88,-33.74829639645496,0.6164966318584665,-0.304038706274369,-0.304038706274369,2.3587697218932626,-1.0,35.333845051053494,3,13,N/A (baseline non-positive)
Classic,EURUSD,H1,Cap_2.5,,111,111,23,88,0.2072072072072072,22,1,88,-37.81903286362946,0.5702382629133015,-0.3407120077804456,-0.3407120077804456,2.181781179842197,-1.0,39.404581518228,3,13,N/A (baseline non-positive)
Classic,EURUSD,H1,Cap_2.0,,111,111,23,88,0.2072072072072072,22,1,88,-44.19857560489101,0.4977434590353294,-0.39818536580982894,-0.39818536580982894,1.9044097563090863,-1.0,45.78412425948955,3,13,N/A (baseline non-positive)
Classic,EURUSD,H4,Baseline,,53,53,6,47,0.11320754716981132,6,0,47,-32.284770327047006,0.31308999304155305,-0.6091466099442832,-0.6091466099442832,2.452538278825499,-1.0,32.284770327047006,2,16,N/A (baseline non-positive)
Classic,EURUSD,H4,Cap_5.0,,53,53,6,47,0.11320754716981132,6,0,47,-32.284770327047006,0.31308999304155305,-0.6091466099442832,-0.6091466099442832,2.452538278825499,-1.0,32.284770327047006,2,16,N/A (baseline non-positive)
Classic,EURUSD,H4,Cap_4.0,,53,53,6,47,0.11320754716981132,6,0,47,-33.11838485936375,0.2953535136305585,-0.6248751860257311,-0.6248751860257311,2.3136025234393744,-1.0,33.11838485936375,2,16,N/A (baseline non-positive)
Classic,EURUSD,H4,Cap_3.0,,53,53,6,47,0.11320754716981132,6,0,47,-34.11838485936375,0.2740769178858776,-0.643743110554033,-0.643743110554033,2.146935856772708,-1.0,34.11838485936375,2,16,N/A (baseline non-positive)
Classic,EURUSD,H4,Cap_2.5,,53,53,6,47,0.11320754716981132,6,0,47,-34.61838485936375,0.26343862001353724,-0.6531770728181839,-0.6531770728181839,2.0636025234393744,-1.0,34.61838485936375,2,16,N/A (baseline non-positive)
Classic,EURUSD,H4,Cap_2.0,,53,53,6,47,0.11320754716981132,6,0,47,-35.607150103205086,0.24240106163393446,-0.6718330208151903,-0.6718330208151903,1.8988083161324865,-1.0,35.607150103205086,2,16,N/A (baseline non-positive)
Classic,XAUUSD,M1,Baseline,,983,983,171,812,0.17395727365208546,154,17,812,-268.4536050448402,0.6693921120137439,-0.27309624114429315,-0.27309624114429315,3.1786338886266656,-1.0,283.8775988151952,5,22,N/A (baseline non-positive)
Classic,XAUUSD,M1,Cap_5.0,,983,983,171,812,0.17395727365208546,154,17,812,-323.2483805459582,0.6019108613966035,-0.3288386373814427,-0.3288386373814427,2.858196604994397,-1.0,333.1029706553982,5,22,N/A (baseline non-positive)
Classic,XAUUSD,M1,Cap_4.0,,983,983,171,812,0.17395727365208546,154,17,812,-355.98123427958853,0.5615994651729207,-0.36213757302094457,-0.36213757302094457,2.666776407721704,-1.0,363.8358243890286,5,22,N/A (baseline non-positive)
Classic,XAUUSD,M1,Cap_3.0,,983,983,171,812,0.17395727365208546,154,17,812,-404.2875479940756,0.5021089310417788,-0.4112792960265266,-0.4112792960265266,2.3842833450638845,-1.0,410.14213810351566,5,22,N/A (baseline non-positive)
Classic,XAUUSD,M1,Cap_2.5,,983,983,171,812,0.17395727365208546,154,17,812,-440.0142899134518,0.4581104804021529,-0.44762389614796727,-0.44762389614796727,2.1753550297458952,-1.0,444.1225114904704,5,22,N/A (baseline non-positive)
Classic,XAUUSD,M1,Cap_2.0,,983,983,171,812,0.17395727365208546,154,17,812,-487.62859347997465,0.39947217551727243,-0.49606164138349407,-0.49606164138349407,1.8969088100586269,-1.0,489.3676578765202,5,22,N/A (baseline non-positive)
Classic,XAUUSD,M5,Baseline,,911,911,176,735,0.19319429198682767,161,15,735,220.14397142261018,1.2995156073777012,0.24165090167136133,0.24165090167136133,5.426954383083014,-1.0,192.9094353558826,4,44,High R-Multiple Sensitivity
Classic,XAUUSD,M5,Cap_5.0,,911,911,176,735,0.19319429198682767,161,15,735,-225.2094904622536,0.6935925299833287,-0.24721129578732556,-0.24721129578732556,2.8965369860099233,-1.0,229.521899988492,4,44,High R-Multiple Sensitivity
Classic,XAUUSD,M5,Cap_4.0,,911,911,176,735,0.19319429198682767,161,15,735,-259.4267225327771,0.6470384727445211,-0.2847713748987674,-0.2847713748987674,2.7021208947001303,-1.0,262.7391320590155,4,44,High R-Multiple Sensitivity
Classic,XAUUSD,M5,Cap_3.0,,911,911,176,735,0.19319429198682767,161,15,735,-311.71066316078833,0.5759038596451861,-0.34216318678461943,-0.34216318678461943,2.4050530502227927,-1.0,314.02307268702674,4,44,High R-Multiple Sensitivity
Classic,XAUUSD,M5,Cap_2.5,,911,911,176,735,0.19319429198682767,161,15,735,-350.6634350247766,0.5229068911227528,-0.38492144349591284,-0.38492144349591284,2.183730482813768,-1.0,352.37869581574995,4,44,High R-Multiple Sensitivity
Classic,XAUUSD,M5,Cap_2.0,,911,911,176,735,0.19319429198682767,161,15,735,-400.76169406649393,0.4547459944673552,-0.43991404398078365,-0.43991404398078365,1.8990812837131021,-1.0,401.76169406649393,4,44,High R-Multiple Sensitivity
Classic,XAUUSD,M15,Baseline,,284,284,56,228,0.19718309859154928,54,2,228,-51.64751715562319,0.7734758019490211,-0.1818574547733211,-0.1818574547733211,3.1491514793638715,-1.0,76.93800750449975,3,20,N/A (baseline non-positive)
Classic,XAUUSD,M15,Cap_5.0,,284,284,56,228,0.19718309859154928,54,2,228,-77.70248026669276,0.659199647953102,-0.27360028262919983,-0.27360028262919983,2.6838842809519146,-1.0,80.25908802677596,3,20,N/A (baseline non-positive)
Classic,XAUUSD,M15,Cap_4.0,,284,284,56,228,0.19718309859154928,54,2,228,-85.18283555851575,0.6263910721117733,-0.2999395618257597,-0.2999395618257597,2.550306507883647,-1.0,87.73944331859894,3,20,N/A (baseline non-positive)
Classic,XAUUSD,M15,Cap_3.0,,284,284,56,228,0.19718309859154928,54,2,228,-97.93450515156104,0.5704626967036797,-0.3448398068716938,-0.3448398068716938,2.3225981222935523,-1.0,100.49111291164424,3,20,N/A (baseline non-positive)
Classic,XAUUSD,M15,Cap_2.5,,284,284,56,228,0.19718309859154928,54,2,228,-107.23933707834182,0.52965203035815,-0.37760329957162614,-0.37760329957162614,2.156440409315324,-1.0,109.73933707834182,3,20,N/A (baseline non-positive)
Classic,XAUUSD,M15,Cap_2.0,,284,284,56,228,0.19718309859154928,54,2,228,-121.97673830043695,0.465014305699838,-0.4294955573959047,-0.4294955573959047,1.8932725303493405,-1.0,123.97673830043695,3,20,N/A (baseline non-positive)
Classic,XAUUSD,M30,Baseline,,131,131,16,115,0.12213740458015267,15,1,115,-76.57883147427586,0.33409711761499244,-0.58457123262806,-0.58457123262806,2.4013230328577584,-1.0,76.57883147427586,2,24,N/A (baseline non-positive)
Classic,XAUUSD,M30,Cap_5.0,,131,131,16,115,0.12213740458015267,15,1,115,-78.27736782238428,0.3193272363270932,-0.5975371589494983,-0.5975371589494983,2.295164511100982,-1.0,78.27736782238428,2,24,N/A (baseline non-positive)
Classic,XAUUSD,M30,Cap_4.0,,131,131,16,115,0.12213740458015267,15,1,115,-80.27736782238428,0.3019359319792671,-0.6128043345220174,-0.6128043345220174,2.170164511100982,-1.0,80.27736782238428,2,24,N/A (baseline non-positive)
Classic,XAUUSD,M30,Cap_3.0,,131,131,16,115,0.12213740458015267,15,1,115,-82.27736782238428,0.284544627631441,-0.6280715100945364,-0.6280715100945364,2.045164511100982,-1.0,82.27736782238428,2,24,N/A (baseline non-positive)
Classic,XAUUSD,M30,Cap_2.5,,131,131,16,115,0.12213740458015267,15,1,115,-83.51503394904663,0.273782313486551,-0.6375193431224934,-0.6375193431224934,1.9678103781845855,-1.0,83.51503394904663,2,24,N/A (baseline non-positive)
Classic,XAUUSD,M30,Cap_2.0,,131,131,16,115,0.12213740458015267,15,1,115,-85.81324811513821,0.25379784247705894,-0.6550629627109786,-0.6550629627109786,1.8241719928038613,-1.0,85.81324811513821,2,24,N/A (baseline non-positive)
Classic,XAUUSD,H1,Baseline,,63,63,10,53,0.15873015873015872,7,3,53,-6.286601581196784,0.881384875826476,-0.09978732668566324,-0.09978732668566324,4.671339841880322,-1.0,21.114412130927256,2,14,N/A (baseline non-positive)
Classic,XAUUSD,H1,Cap_5.0,,63,63,10,53,0.15873015873015872,7,3,53,-17.715546876911915,0.6657443985488318,-0.28119915677637963,-0.28119915677637963,3.5284453123088086,-1.0,25.493150599780815,2,14,N/A (baseline non-positive)
Classic,XAUUSD,H1,Cap_4.0,,63,63,10,53,0.15873015873015872,7,3,53,-21.715546876911915,0.5902727004356242,-0.3446912202684431,-0.3446912202684431,3.1284453123088087,-1.0,27.493150599780815,2,14,N/A (baseline non-positive)
Classic,XAUUSD,H1,Cap_3.0,,63,63,10,53,0.15873015873015872,7,3,53,-26.488772953313614,0.5002118310695545,-0.4204567135446605,-0.4204567135446605,2.6511227046686385,-1.0,29.493150599780815,2,14,N/A (baseline non-positive)
Classic,XAUUSD,H1,Cap_2.5,,63,63,10,53,0.15873015873015872,7,3,53,-29.841787755621215,0.4369474008373356,-0.4736791707241463,-0.4736791707241463,2.315821224437878,-1.0,32.34616540208842,2,14,N/A (baseline non-positive)
Classic,XAUUSD,H1,Cap_2.0,,63,63,10,53,0.15873015873015872,7,3,53,-33.34616540208842,0.3708270678851242,-0.5293042127315621,-0.5293042127315621,1.9653834597911581,-1.0,35.34616540208842,2,14,N/A (baseline non-positive)
Classic,XAUUSD,H4,Baseline,,50,50,6,44,0.12,5,1,44,-22.050667438750693,0.49884846730112054,-0.44101334877501386,-0.44101334877501386,3.658222093541551,-1.0,23.588394563196545,2,17,N/A (baseline non-positive)
Classic,XAUUSD,H4,Cap_5.0,,50,50,6,44,0.12,5,1,44,-26.32791766008453,0.4016382349980789,-0.5265583532016906,-0.5265583532016906,2.9453470566525786,-1.0,26.32791766008453,2,17,N/A (baseline non-positive)
Classic,XAUUSD,H4,Cap_4.0,,50,50,6,44,0.12,5,1,44,-28.002885329737566,0.36357078796050984,-0.5600577065947513,-0.5600577065947513,2.666185778377072,-1.0,28.002885329737566,2,17,N/A (baseline non-positive)
Classic,XAUUSD,H4,Cap_3.0,,50,50,6,44,0.12,5,1,44,-30.002885329737566,0.31811624250596443,-0.6000577065947513,-0.6000577065947513,2.332852445043739,-1.0,30.002885329737566,2,17,N/A (baseline non-positive)
Classic,XAUUSD,H4,Cap_2.5,,50,50,6,44,0.12,5,1,44,-31.002885329737566,0.29538896977869167,-0.6200577065947513,-0.6200577065947513,2.166185778377072,-1.0,31.002885329737566,2,17,N/A (baseline non-positive)
Classic,XAUUSD,H4,Cap_2.0,,50,50,6,44,0.12,5,1,44,-32.36233199504333,0.2644924546581062,-0.6472466399008665,-0.6472466399008665,1.9396113341594454,-1.0,32.36233199504333,2,17,N/A (baseline non-positive)
Classic,GBPUSD,M1,Baseline,,1111,1111,227,884,0.20432043204320433,196,31,884,640.8153761937153,1.724904271712347,0.5767915177261164,0.5767915177261164,6.717248353276278,-1.0,102.47092663565923,5,21,High R-Multiple Sensitivity
Classic,GBPUSD,M1,Cap_5.0,,1111,1111,227,884,0.20432043204320433,196,31,884,-197.06312091418795,0.7770779175178869,-0.1773745462773969,-0.1773745462773969,3.026153652360405,-1.0,216.61619940815157,5,21,High R-Multiple Sensitivity
Classic,GBPUSD,M1,Cap_4.0,,1111,1111,227,884,0.20432043204320433,196,31,884,-255.74629818528445,0.7106942328220764,-0.23019468783553956,-0.23019468783553956,2.7676374529282617,-1.0,265.8984684180698,5,21,High R-Multiple Sensitivity
Classic,GBPUSD,M1,Cap_3.0,,1111,1111,227,884,0.20432043204320433,196,31,884,-332.78650055162893,0.6235446826339038,-0.29953780427689375,-0.29953780427689375,2.4282533015346743,-1.0,340.7433680253923,5,21,High R-Multiple Sensitivity
Classic,GBPUSD,M1,Cap_2.5,,1111,1111,227,884,0.20432043204320433,196,31,884,-384.0809405443175,0.5655192980267901,-0.3457074172316089,-0.3457074172316089,2.202286605531641,-1.0,391.5203247513432,5,21,High R-Multiple Sensitivity
Classic,GBPUSD,M1,Cap_2.0,,1111,1111,227,884,0.20432043204320433,196,31,884,-449.6410303575814,0.4913563005004735,-0.40471739906172943,-0.40471739906172943,1.9134756371912718,-1.0,456.0804145646071,5,21,High R-Multiple Sensitivity
Classic,GBPUSD,M5,Baseline,,935,935,172,763,0.1839572192513369,154,18,763,23.024208653123445,1.0301758960067153,0.02462482208890208,0.02462482208890208,4.569908189843741,-1.0,93.95949979381282,5,45,High R-Multiple Sensitivity
Classic,GBPUSD,M5,Cap_5.0,,935,935,172,763,0.1839572192513369,154,18,763,-251.13879064004152,0.6708534853996834,-0.26859763704817274,-0.26859763704817274,2.975937263720689,-1.0,277.102195072824,5,45,High R-Multiple Sensitivity
Classic,GBPUSD,M5,Cap_4.0,,935,935,172,763,0.1839572192513369,154,18,763,-288.2335961486976,0.6222364401720868,-0.30827122582748406,-0.30827122582748406,2.7602697898331536,-1.0,312.1029759824654,5,45,High R-Multiple Sensitivity
Classic,GBPUSD,M5,Cap_3.0,,935,935,172,763,0.1839572192513369,154,18,763,-342.54999736638246,0.5510484962432731,-0.36636363354693313,-0.36636363354693313,2.4444767594977765,-1.0,362.9048383662848,5,45,High R-Multiple Sensitivity
Classic,GBPUSD,M5,Cap_2.5,,935,935,172,763,0.1839572192513369,154,18,763,-382.020340397038,0.4993180335556514,-0.4085779041679551,-0.4085779041679551,2.2149980209474545,-1.0,399.31537636187386,5,45,High R-Multiple Sensitivity
Classic,GBPUSD,M5,Cap_2.0,,935,935,172,763,0.1839572192513369,154,18,763,-433.7810047707692,0.43147967919951613,-0.46393690349814887,-0.46393690349814887,1.914063925751342,-1.0,447.57604073560503,5,45,High R-Multiple Sensitivity
Classic,GBPUSD,M15,Baseline,,255,255,43,212,0.16862745098039217,39,4,212,55.44460715880149,1.261531165843403,0.21742983199529994,0.21742983199529994,6.219642026948872,-1.0,60.03620969746046,2,28,High R-Multiple Sensitivity
Classic,GBPUSD,M15,Cap_5.0,,255,255,43,212,0.16862745098039217,39,4,212,-83.82622528371655,0.6045932769636012,-0.328730295230261,-0.328730295230261,2.980785458518219,-1.0,83.82622528371655,2,28,High R-Multiple Sensitivity
Classic,GBPUSD,M15,Cap_4.0,,255,255,43,212,0.16862745098039217,39,4,212,-93.237842456614,0.5601988563367264,-0.36563859786907454,-0.36563859786907454,2.76191064054386,-1.0,93.237842456614,2,28,High R-Multiple Sensitivity
Classic,GBPUSD,M15,Cap_3.0,,255,255,43,212,0.16862745098039217,39,4,212,-105.72448420115516,0.50129960282474,-0.4146058203966869,-0.4146058203966869,2.4715236232289497,-1.0,105.72448420115516,2,28,High R-Multiple Sensitivity
Classic,GBPUSD,M15,Cap_2.5,,255,255,43,212,0.16862745098039217,39,4,212,-114.56904609950413,0.45957997122875416,-0.44929037686080053,-0.44929037686080053,2.265836137220834,-1.0,114.56904609950413,2,28,High R-Multiple Sensitivity
Classic,GBPUSD,M15,Cap_2.0,,255,255,43,212,0.16862745098039217,39,4,212,-128.3619352838354,0.39451917318945556,-0.503380138367982,-0.503380138367982,1.9450712724689438,-1.0,128.3619352838354,2,28,High R-Multiple Sensitivity
Classic,GBPUSD,M30,Baseline,,141,141,30,111,0.2127659574468085,29,1,111,54.14380967031771,1.4877820691019612,0.38399865014409723,0.38399865014409723,5.504793655677256,-1.0,29.643649676131105,5,15,High R-Multiple Sensitivity
Classic,GBPUSD,M30,Cap_5.0,,141,141,30,111,0.2127659574468085,29,1,111,-23.12743841511622,0.791644698962917,-0.16402438592281007,-0.16402438592281007,2.9290853861627926,-1.0,33.84052964200525,5,15,High R-Multiple Sensitivity
Classic,GBPUSD,M30,Cap_4.0,,141,141,30,111,0.2127659574468085,29,1,111,-29.00135928029132,0.7387264929703485,-0.20568339915100228,-0.20568339915100228,2.7332880239902893,-1.0,34.84052964200525,5,15,High R-Multiple Sensitivity
Classic,GBPUSD,M30,Cap_3.0,,141,141,30,111,0.2127659574468085,29,1,111,-37.4119439973025,0.6629554594837613,-0.26533293615108156,-0.26533293615108156,2.4529352000899167,-1.0,41.08668225950482,5,15,High R-Multiple Sensitivity
Classic,GBPUSD,M30,Cap_2.5,,141,141,30,111,0.2127659574468085,29,1,111,-44.407082675250194,0.5999361921148632,-0.3149438487606397,-0.3149438487606397,2.2197639108249936,-1.0,47.60850447479857,5,15,High R-Multiple Sensitivity
Classic,GBPUSD,M30,Cap_2.0,,141,141,30,111,0.2127659574468085,29,1,111,-53.722179458317584,0.5160164012764181,-0.381008364952607,-0.381008364952607,1.9092606847227471,-1.0,56.92360125786596,5,15,High R-Multiple Sensitivity
Classic,GBPUSD,H1,Baseline,,106,105,17,88,0.1619047619047619,14,3,88,-36.6043104287799,0.584041926945683,-0.34861248027409425,-0.34861248027409425,3.023275857130594,-1.0,40.263318219150484,2,16,N/A (baseline non-positive)
Classic,GBPUSD,H1,Cap_5.0,,106,105,17,88,0.1619047619047619,14,3,88,-36.864983262869565,0.5810797356492096,-0.35109507869399587,-0.35109507869399587,3.007942161007673,-1.0,40.52399105324015,2,16,N/A (baseline non-positive)
Classic,GBPUSD,H1,Cap_4.0,,106,105,17,88,0.1619047619047619,14,3,88,-39.75804735746158,0.5482040073015729,-0.37864807007106266,-0.37864807007106266,2.837761920149319,-1.0,43.29330469401923,2,16,N/A (baseline non-positive)
Classic,GBPUSD,H1,Cap_3.0,,106,105,17,88,0.1619047619047619,14,3,88,-44.94302249350681,0.48928383530105896,-0.4280287856524458,-0.4280287856524458,2.5327633827348937,-1.0,47.293304694019234,2,16,N/A (baseline non-positive)
Classic,GBPUSD,H1,Cap_2.5,,106,105,17,88,0.1619047619047619,14,3,88,-49.38723932645965,0.43878137129023126,-0.4703546602519967,-0.4703546602519967,2.2713388631494325,-1.0,51.237521526972074,2,16,N/A (baseline non-positive)
Classic,GBPUSD,H1,Cap_2.0,,106,105,17,88,0.1619047619047619,14,3,88,-54.80744641428531,0.377188108928576,-0.5219756801360506,-0.5219756801360506,1.952503152100864,-1.0,55.717590917140974,2,16,N/A (baseline non-positive)
Classic,GBPUSD,H4,Baseline,,54,54,9,45,0.16666666666666666,8,1,45,-15.53026672423552,0.654882961683655,-0.2875975319302874,-0.2875975319302874,3.274414808418275,-1.0,18.818151982006267,4,17,N/A (baseline non-positive)
Classic,GBPUSD,H4,Cap_5.0,,54,54,9,45,0.16666666666666666,8,1,45,-17.712114742229254,0.6063974501726832,-0.3280021248560973,-0.3280021248560973,3.031987250863416,-1.0,21.0,4,17,N/A (baseline non-positive)
Classic,GBPUSD,H4,Cap_4.0,,54,54,9,45,0.16666666666666666,8,1,45,-18.767232222981594,0.5829503950448534,-0.3475413374626221,-0.3475413374626221,2.914751975224267,-1.0,22.0,4,17,N/A (baseline non-positive)
Classic,GBPUSD,H4,Cap_3.0,,54,54,9,45,0.16666666666666666,8,1,45,-22.423131819895975,0.5017081817800894,-0.4152431818499255,-0.4152431818499255,2.508540908900447,-1.0,24.087920041003965,4,17,N/A (baseline non-positive)
Classic,GBPUSD,H4,Cap_2.5,,54,54,9,45,0.16666666666666666,8,1,45,-24.923131819895975,0.44615262622453383,-0.46153947814622176,-0.46153947814622176,2.230763131122669,-1.0,26.587920041003965,4,17,N/A (baseline non-positive)
Classic,GBPUSD,H4,Cap_2.0,,54,54,9,45,0.16666666666666666,8,1,45,-27.743725204731383,0.3834727732281914,-0.5137726889765071,-0.5137726889765071,1.917363866140957,-1.0,29.408513425839374,4,17,N/A (baseline non-positive)
Classic,NZDUSD,M1,Baseline,,1087,1087,208,879,0.19135234590616376,178,30,879,189.30786443660378,1.2153673088015957,0.17415626903091425,0.17415626903091425,5.136095502099056,-1.0,75.12356298441512,4,35,High R-Multiple Sensitivity
Classic,NZDUSD,M1,Cap_5.0,,1087,1087,208,879,0.19135234590616376,178,30,879,-244.02380230470345,0.7223847527819071,-0.22449291840359104,-0.22449291840359104,3.0527701812273866,-1.0,246.76053542723176,4,35,High R-Multiple Sensitivity
Classic,NZDUSD,M1,Cap_4.0,,1087,1087,208,879,0.19135234590616376,178,30,879,-294.1992781246723,0.6653023001994628,-0.27065250977430755,-0.27065250977430755,2.8115419320929216,-1.0,296.67812192003026,4,35,High R-Multiple Sensitivity
Classic,NZDUSD,M1,Cap_3.0,,1087,1087,208,879,0.19135234590616376,178,30,879,-362.3398836802939,0.587781702297732,-0.3333393594114939,-0.3333393594114939,2.483942866921664,-1.0,363.8187274756519,4,35,High R-Multiple Sensitivity
Classic,NZDUSD,M1,Cap_2.5,,1087,1087,208,879,0.19135234590616376,178,30,879,-411.50026865650614,0.5318540743384459,-0.37856510455980324,-0.37856510455980324,2.2475948622283357,-1.0,412.9791124518641,4,35,High R-Multiple Sensitivity
Classic,NZDUSD,M1,Cap_2.0,,1087,1087,208,879,0.19135234590616376,178,30,879,-478.4156862681169,0.45572731937643124,-0.44012482637361255,-0.44012482637361255,1.9258861237109763,-1.0,479.7815501962416,4,35,High R-Multiple Sensitivity
Classic,NZDUSD,M5,Baseline,,922,922,148,774,0.16052060737527116,132,16,774,-29.88968830074502,0.9613828316527837,-0.03241831702900762,-0.03241831702900762,5.027772376346317,-1.0,111.76779719756622,4,40,N/A (baseline non-positive)
Classic,NZDUSD,M5,Cap_5.0,,922,922,148,774,0.16052060737527116,132,16,774,-325.56774614351826,0.5793698370238783,-0.3531103537348354,-0.3531103537348354,3.0299476611924434,-1.0,325.56774614351826,4,40,N/A (baseline non-positive)
Classic,NZDUSD,M5,Cap_4.0,,922,922,148,774,0.16052060737527116,132,16,774,-361.972673342561,0.5323350473610324,-0.3925950903932332,-0.3925950903932332,2.783968423361073,-1.0,361.972673342561,4,40,N/A (baseline non-positive)
Classic,NZDUSD,M5,Cap_3.0,,922,922,148,774,0.16052060737527116,132,16,774,-412.88979821781805,0.46655064829739257,-0.44781973776336015,-0.44781973776336015,2.4399337958255525,-1.0,412.88979821781805,4,40,N/A (baseline non-positive)
Classic,NZDUSD,M5,Cap_2.5,,922,922,148,774,0.16052060737527116,132,16,774,-447.3790330238781,0.4219909134058421,-0.48522671694563785,-0.48522671694563785,2.206898425514336,-1.0,447.3790330238781,4,40,N/A (baseline non-positive)
Classic,NZDUSD,M5,Cap_2.0,,922,922,148,774,0.16052060737527116,132,16,774,-489.3658536455001,0.3677443751350126,-0.5307655679452279,-0.5307655679452279,1.9232036915844577,-1.0,489.3658536455001,4,40,N/A (baseline non-positive)
Classic,NZDUSD,M15,Baseline,,322,322,46,276,0.14285714285714285,43,3,276,-93.77073122984376,0.6602509738049139,-0.2912134510243595,-0.2912134510243595,3.961505842829484,-1.0,121.24745732865495,2,22,N/A (baseline non-positive)
Classic,NZDUSD,M15,Cap_5.0,,322,322,46,276,0.14285714285714285,43,3,276,-144.31380457939596,0.4771238964514639,-0.44817951732731665,-0.44817951732731665,2.862743378708783,-1.0,145.1223910616106,2,22,N/A (baseline non-positive)
Classic,NZDUSD,M15,Cap_4.0,,322,322,46,276,0.14285714285714285,43,3,276,-153.3272137891919,0.4444666167058266,-0.4761714713950059,-0.4761714713950059,2.6667997002349595,-1.0,154.13580027140654,2,22,N/A (baseline non-positive)
Classic,NZDUSD,M15,Cap_3.0,,322,322,46,276,0.14285714285714285,43,3,276,-166.17023777451078,0.3979339211068452,-0.5160566390512757,-0.5160566390512757,2.3876035266410707,-1.0,166.97882425672543,2,22,N/A (baseline non-positive)
Classic,NZDUSD,M15,Cap_2.5,,322,322,46,276,0.14285714285714285,43,3,276,-175.29021452649204,0.36489052707792735,-0.5443795482189193,-0.5443795482189193,2.189343162467564,-1.0,175.7000644399443,2,22,N/A (baseline non-positive)
Classic,NZDUSD,M15,Cap_2.0,,322,322,46,276,0.14285714285714285,43,3,276,-188.29028823298262,0.317788810750063,-0.5847524479285174,-0.5847524479285174,1.9067328645003778,-1.0,188.29028823298262,2,22,N/A (baseline non-positive)
Classic,NZDUSD,M30,Baseline,,162,162,37,125,0.22839506172839505,34,3,125,21.47682904431519,1.1718146323545215,0.13257301879206906,0.13257301879206906,3.958833217413924,-1.0,28.58991341790878,4,14,High R-Multiple Sensitivity
Classic,NZDUSD,M30,Cap_5.0,,162,162,37,125,0.22839506172839505,34,3,125,-15.924825688508669,0.8726013944919305,-0.0983013931389424,-0.0983013931389424,2.94797768409436,-1.0,40.385233960311965,4,14,High R-Multiple Sensitivity
Classic,NZDUSD,M30,Cap_4.0,,162,162,37,125,0.22839506172839505,34,3,125,-22.620725319317156,0.8190341974454627,-0.13963410690936517,-0.13963410690936517,2.7670074238022386,-1.0,42.94083892690838,4,14,High R-Multiple Sensitivity
Classic,NZDUSD,M30,Cap_3.0,,162,162,37,125,0.22839506172839505,34,3,125,-32.6307170531832,0.7389542635745344,-0.20142417934063703,-0.20142417934063703,2.4964671066707242,-1.0,47.37431968262076,4,14,High R-Multiple Sensitivity
Classic,NZDUSD,M30,Cap_2.5,,162,162,37,125,0.22839506172839505,34,3,125,-42.268599626533785,0.6618512029877296,-0.2609172816452703,-0.2609172816452703,2.235983793877465,-1.0,51.71031867173513,4,14,High R-Multiple Sensitivity
Classic,NZDUSD,M30,Cap_2.0,,162,162,37,125,0.22839506172839505,34,3,125,-53.935737890983695,0.5685140968721305,-0.3329366536480475,-0.3329366536480475,1.9206557326761164,-1.0,57.040407222313284,4,14,High R-Multiple Sensitivity
Classic,NZDUSD,H1,Baseline,,74,74,18,56,0.24324324324324326,15,3,56,11.680416123969305,1.2085788593565947,0.15784346113472034,0.15784346113472034,3.760023117998295,-1.0,10.0,3,10,High R-Multiple Sensitivity
Classic,NZDUSD,H1,Cap_5.0,,74,74,18,56,0.24324324324324326,15,3,56,-4.557308511357397,0.9186194908686183,-0.06158525015347834,-0.06158525015347834,2.8579273049245892,-1.0,11.860273893982072,3,10,High R-Multiple Sensitivity
Classic,NZDUSD,H1,Cap_4.0,,74,74,18,56,0.24324324324324326,15,3,56,-8.997412327704506,0.8393319227195627,-0.12158665307708792,-0.12158665307708792,2.611254870683083,-1.0,13.065931189325468,3,10,High R-Multiple Sensitivity
Classic,NZDUSD,H1,Cap_3.0,,74,74,18,56,0.24324324324324326,15,3,56,-14.997412327704502,0.7321890655767055,-0.20266773415816894,-0.20266773415816894,2.2779215373497497,-1.0,17.065931189325465,3,10,High R-Multiple Sensitivity
Classic,NZDUSD,H1,Cap_2.5,,74,74,18,56,0.24324324324324326,15,3,56,-18.274328662826218,0.6736727024495319,-0.24695038733548944,-0.24695038733548944,2.0958706298429877,-1.0,19.332853695580447,3,10,High R-Multiple Sensitivity
Classic,NZDUSD,H1,Cap_2.0,,74,74,18,56,0.24324324324324326,15,3,56,-22.675491260171167,0.5950805132112291,-0.30642555756988066,-0.30642555756988066,1.8513615966571573,-1.0,22.675491260171167,3,10,High R-Multiple Sensitivity
Classic,NZDUSD,H4,Baseline,,44,44,6,38,0.13636363636363635,5,1,38,-15.778182672974154,0.5847846665006802,-0.3585950607494126,-0.3585950607494126,3.7036362211709744,-1.0,20.85875652063404,1,20,N/A (baseline non-positive)
Classic,NZDUSD,H4,Cap_5.0,,44,44,6,38,0.13636363636363635,5,1,38,-20.09090598372823,0.47129194779662553,-0.45661149963018705,-0.45661149963018705,2.9848490027119614,-1.0,24.000949851587073,1,20,N/A (baseline non-positive)
Classic,NZDUSD,H4,Cap_4.0,,44,44,6,38,0.13636363636363635,5,1,38,-22.09090598372823,0.4186603688492571,-0.5020660450847325,-0.5020660450847325,2.6515156693786284,-1.0,25.000949851587073,1,20,N/A (baseline non-positive)
Classic,NZDUSD,H4,Cap_3.0,,44,44,6,38,0.13636363636363635,5,1,38,-24.09090598372823,0.36602878990188864,-0.5475205905392779,-0.5475205905392779,2.318182336045295,-1.0,26.000949851587073,1,20,N/A (baseline non-positive)
Classic,NZDUSD,H4,Cap_2.5,,44,44,6,38,0.13636363636363635,5,1,38,-25.50094985158707,0.328922372326656,-0.5795670420815243,-0.5795670420815243,2.083175024735488,-1.0,27.00094985158707,1,20,N/A (baseline non-positive)
Classic,NZDUSD,H4,Cap_2.0,,44,44,6,38,0.13636363636363635,5,1,38,-27.00094985158707,0.2894486881161297,-0.6136579511724334,-0.6136579511724334,1.833175024735488,-1.0,28.00094985158707,1,20,N/A (baseline non-positive)
SMC,EURUSD,M1,Baseline,,541,541,150,391,0.27726432532347506,137,13,391,99.19960151216199,1.2537074207472176,0.18336340390418113,0.18336340390418113,3.267997343414413,-1.0,49.07866917126517,14,24,High R-Multiple Sensitivity
SMC,EURUSD,M1,Cap_5.0,,541,541,150,391,0.27726432532347506,137,13,391,31.088843641422496,1.079511109057347,0.05746551504884011,0.05746551504884011,2.81392562427615,-1.0,52.75426701116433,14,24,High R-Multiple Sensitivity
SMC,EURUSD,M1,Cap_4.0,,541,541,150,391,0.27726432532347506,137,13,391,6.137373857703024,1.0156966083317218,0.01134449881275975,0.01134449881275975,2.6475824923846867,-1.0,58.79959247782997,14,24,High R-Multiple Sensitivity
SMC,EURUSD,M1,Cap_3.0,,541,541,150,391,0.27726432532347506,137,13,391,-33.82563458889884,0.9134894256038397,-0.06252427835286292,-0.06252427835286292,2.381162436074008,-1.0,78.85824893321336,14,24,High R-Multiple Sensitivity
SMC,EURUSD,M1,Cap_2.5,,541,541,150,391,0.27726432532347506,137,13,391,-65.38645558470085,0.832771213338361,-0.12086220995323634,-0.12086220995323634,2.1707569627686607,-1.0,94.33379083139022,14,24,High R-Multiple Sensitivity
SMC,EURUSD,M1,Cap_2.0,,541,541,150,391,0.27726432532347506,137,13,391,-107.22227928282729,0.7257742217830504,-0.19819275283332216,-0.19819275283332216,1.8918514714478183,-1.0,122.80569194489927,14,24,High R-Multiple Sensitivity
SMC,EURUSD,M5,Baseline,,635,635,119,516,0.18740157480314962,114,5,516,-123.12734003886631,0.7613811239556856,-0.19390132289585246,-0.19390132289585246,3.3014509240431407,-1.0,201.55334266169405,10,195,N/A (baseline non-positive)
SMC,EURUSD,M5,Cap_5.0,,635,635,119,516,0.18740157480314962,114,5,516,-169.0562136189427,0.672371679033057,-0.2662302576676263,-0.2662302576676263,2.9154940032021623,-1.0,220.18377031001194,10,195,N/A (baseline non-positive)
SMC,EURUSD,M5,Cap_4.0,,635,635,119,516,0.18740157480314962,114,5,516,-194.68831710656403,0.622697059871,-0.30659577497096696,-0.30659577497096696,2.7000981755750924,-1.0,234.9294896704213,10,195,N/A (baseline non-positive)
SMC,EURUSD,M5,Cap_3.0,,635,635,119,516,0.18740157480314962,114,5,516,-229.89609150171432,0.554464938950166,-0.36204108897907766,-0.36204108897907766,2.404234525195678,-1.0,255.99766261637447,10,195,N/A (baseline non-positive)
SMC,EURUSD,M5,Cap_2.5,,635,635,119,516,0.18740157480314962,114,5,516,-254.70186033570133,0.5063917435354629,-0.4011052918672462,-0.4011052918672462,2.1957826862546113,-1.0,277.8034314503615,10,195,N/A (baseline non-positive)
SMC,EURUSD,M5,Cap_2.0,,635,635,119,516,0.18740157480314962,114,5,516,-287.9578972044262,0.4419420596813446,-0.45347700347153735,-0.45347700347153735,1.9163201915594432,-1.0,307.51643963417024,10,195,N/A (baseline non-positive)
SMC,EURUSD,M15,Baseline,,386,386,68,318,0.17616580310880828,68,0,318,-163.79876776332108,0.4849095353354684,-0.4243491392832152,-0.4243491392832152,2.2676651799511602,-1.0,247.49338004426187,39,168,N/A (baseline non-positive)
SMC,EURUSD,M15,Cap_5.0,,386,386,68,318,0.17616580310880828,68,0,318,-187.96781537740742,0.408906240951549,-0.48696325227307624,-0.48696325227307624,1.9122380091557727,-1.0,247.49338004426187,39,168,N/A (baseline non-positive)
SMC,EURUSD,M15,Cap_4.0,,386,386,68,318,0.17616580310880828,68,0,318,-190.96781537740742,0.399472278687398,-0.4947352729984648,-0.4947352729984648,1.8681203620969493,-1.0,247.49338004426187,39,168,N/A (baseline non-positive)
SMC,EURUSD,M15,Cap_3.0,,386,386,68,318,0.17616580310880828,68,0,318,-194.72426301142318,0.3876595502785433,-0.5044670026202673,-0.5044670026202673,1.8128784851261288,-1.0,247.49338004426187,39,168,N/A (baseline non-positive)
SMC,EURUSD,M15,Cap_2.5,,386,386,68,318,0.17616580310880828,68,0,318,-199.26474555968616,0.3733813032714271,-0.516229910776389,-0.516229910776389,1.7461066829457912,-1.0,247.49338004426187,39,168,N/A (baseline non-positive)
SMC,EURUSD,M15,Cap_2.0,,386,386,68,318,0.17616580310880828,68,0,318,-205.49310875213644,0.3537952554964263,-0.5323655667153794,-0.5323655667153794,1.6545131065862286,-1.0,247.49338004426187,39,168,N/A (baseline non-positive)
SMC,EURUSD,M30,Baseline,,123,123,19,104,0.15447154471544716,18,1,104,-22.033042375562484,0.7881438233118991,-0.17913042581758118,-0.17913042581758118,4.314050401286185,-1.0,44.74303059560848,8,41,N/A (baseline non-positive)
SMC,EURUSD,M30,Cap_5.0,,123,123,19,104,0.15447154471544716,18,1,104,-45.636230942010215,0.5611900870960557,-0.3710262678212213,-0.3710262678212213,3.071777318841568,-1.0,47.85293855443161,8,41,N/A (baseline non-positive)
SMC,EURUSD,M30,Cap_4.0,,123,123,19,104,0.15447154471544716,18,1,104,-51.42422016098564,0.5055363446059074,-0.41808309073972066,-0.41808309073972066,2.767146307316545,-1.0,53.640927773407036,8,41,N/A (baseline non-positive)
SMC,EURUSD,M30,Cap_3.0,,123,123,19,104,0.15447154471544716,18,1,104,-58.62332226176643,0.43631420902147655,-0.4766123761119222,-0.4766123761119222,2.388246196749135,-1.0,60.84002987418783,8,41,N/A (baseline non-positive)
SMC,EURUSD,M30,Cap_2.5,,123,123,19,104,0.15447154471544716,18,1,104,-62.64858520986347,0.3976097575974666,-0.5093380911371014,-0.5093380911371014,2.1763902521124483,-1.0,64.84002987418782,8,41,N/A (baseline non-positive)
SMC,EURUSD,M30,Cap_2.0,,123,123,19,104,0.15447154471544716,18,1,104,-67.70914739657717,0.3489505058021426,-0.5504808731429038,-0.5504808731429038,1.9100448738643594,-1.0,69.40059206090152,8,41,N/A (baseline non-positive)
SMC,EURUSD,H1,Baseline,,14,14,9,5,0.6428571428571429,8,1,5,20.4932513056835,5.0986502611367,1.4638036646916786,1.4638036646916786,2.8325834784092776,-1.0,3.0,3,3,Low R-Multiple Sensitivity
SMC,EURUSD,H1,Cap_5.0,,14,14,9,5,0.6428571428571429,8,1,5,20.140458521725236,5.028091704345047,1.4386041801232312,1.4386041801232312,2.7933842801916926,-1.0,3.0,3,3,Low R-Multiple Sensitivity
SMC,EURUSD,H1,Cap_4.0,,14,14,9,5,0.6428571428571429,8,1,5,19.140458521725236,4.828091704345047,1.3671756086946598,1.3671756086946598,2.682273169080582,-1.0,3.0,3,3,Low R-Multiple Sensitivity
SMC,EURUSD,H1,Cap_3.0,,14,14,9,5,0.6428571428571429,8,1,5,17.65887527520923,4.531775055041846,1.2613482339435165,1.2613482339435165,2.517652808356581,-1.0,3.0,3,3,Low R-Multiple Sensitivity
SMC,EURUSD,H1,Cap_2.5,,14,14,9,5,0.6428571428571429,8,1,5,15.158875275209228,4.031775055041846,1.0827768053720876,1.0827768053720876,2.239875030578803,-1.0,3.0,3,3,Low R-Multiple Sensitivity
SMC,EURUSD,H1,Cap_2.0,,14,14,9,5,0.6428571428571429,8,1,5,12.39397948077661,3.4787958961553223,0.8852842486269007,0.8852842486269007,1.9326643867529567,-1.0,3.0,3,3,Low R-Multiple Sensitivity
SMC,EURUSD,H4,Baseline,,9,9,0,9,0.0,0,0,9,-9.0,0.0,-1.0,-1.0,0.0,-1.0,9.0,0,9,N/A (baseline non-positive)
SMC,EURUSD,H4,Cap_5.0,,9,9,0,9,0.0,0,0,9,-9.0,0.0,-1.0,-1.0,0.0,-1.0,9.0,0,9,N/A (baseline non-positive)
SMC,EURUSD,H4,Cap_4.0,,9,9,0,9,0.0,0,0,9,-9.0,0.0,-1.0,-1.0,0.0,-1.0,9.0,0,9,N/A (baseline non-positive)
SMC,EURUSD,H4,Cap_3.0,,9,9,0,9,0.0,0,0,9,-9.0,0.0,-1.0,-1.0,0.0,-1.0,9.0,0,9,N/A (baseline non-positive)
SMC,EURUSD,H4,Cap_2.5,,9,9,0,9,0.0,0,0,9,-9.0,0.0,-1.0,-1.0,0.0,-1.0,9.0,0,9,N/A (baseline non-positive)
SMC,EURUSD,H4,Cap_2.0,,9,9,0,9,0.0,0,0,9,-9.0,0.0,-1.0,-1.0,0.0,-1.0,9.0,0,9,N/A (baseline non-positive)
SMC,XAUUSD,M1,Baseline,,763,763,227,536,0.29750982961992134,164,63,536,302.5903264256903,1.5645341910927049,0.39657972008609477,0.39657972008609477,3.694230512888504,-1.0,97.30738252029244,43,74,High R-Multiple Sensitivity
SMC,XAUUSD,M1,Cap_5.0,,763,763,227,536,0.29750982961992134,164,63,536,166.23657584914037,1.3101428653901872,0.21787231435011845,0.21787231435011845,3.093553197573306,-1.0,138.01471745251982,43,74,High R-Multiple Sensitivity
SMC,XAUUSD,M1,Cap_4.0,,763,763,227,536,0.29750982961992134,164,63,536,103.54939762118772,1.1931891746663952,0.1357134962269826,0.1357134962269826,2.8173982274061142,-1.0,157.04762428260963,43,74,High R-Multiple Sensitivity
SMC,XAUUSD,M1,Cap_3.0,,763,763,227,536,0.29750982961992134,164,63,536,28.86196741922551,1.0538469541403463,0.03782695598850001,0.03782695598850001,2.4883787110979094,-1.0,185.14168291366008,43,74,High R-Multiple Sensitivity
SMC,XAUUSD,M1,Cap_2.5,,763,763,227,536,0.29750982961992134,164,63,536,-31.957650026565403,0.9403775186071541,-0.041884207112143385,-0.041884207112143385,2.2204508809402403,-1.0,208.37132175899697,43,74,High R-Multiple Sensitivity
SMC,XAUUSD,M1,Cap_2.0,,763,763,227,536,0.29750982961992134,164,63,536,-105.04914506924834,0.8040127890499098,-0.13767908921264527,-0.13767908921264527,1.8984619159945006,-1.0,241.90544568396695,43,74,High R-Multiple Sensitivity
SMC,XAUUSD,M5,Baseline,,521,521,94,427,0.18042226487523993,86,8,427,-134.90595535142924,0.6840609944931401,-0.2589365745708815,-0.2589365745708815,3.1073834537082,-1.0,215.0151138007643,6,39,N/A (baseline non-positive)
SMC,XAUUSD,M5,Cap_5.0,,521,521,94,427,0.18042226487523993,86,8,427,-192.81337892786837,0.5484464193726736,-0.3700832608980199,-0.3700832608980199,2.4913470326822513,-1.0,222.2825296091448,6,39,N/A (baseline non-positive)
SMC,XAUUSD,M5,Cap_4.0,,521,521,94,427,0.18042226487523993,86,8,427,-201.03571861526686,0.5291903545309907,-0.38586510290838166,-0.38586510290838166,2.4038753338801393,-1.0,229.17572479135458,6,39,N/A (baseline non-positive)
SMC,XAUUSD,M5,Cap_3.0,,521,521,94,427,0.18042226487523993,86,8,427,-215.6121360840932,0.4950535454705076,-0.41384287156255894,-0.41384287156255894,2.2488070629351786,-1.0,240.34663312822826,6,39,N/A (baseline non-positive)
SMC,XAUUSD,M5,Cap_2.5,,521,521,94,427,0.18042226487523993,86,8,427,-228.70909952644487,0.46438149993806827,-0.4389809971716792,-0.4389809971716792,2.109477664612289,-1.0,249.9126110526768,6,39,N/A (baseline non-positive)
SMC,XAUUSD,M5,Cap_2.0,,521,521,94,427,0.18042226487523993,86,8,427,-249.4264001514506,0.41586323149543186,-0.4787454897340702,-0.4787454897340702,1.8890808494526532,-1.0,265.54646587859133,6,39,N/A (baseline non-positive)
SMC,XAUUSD,M15,Baseline,,299,299,154,145,0.5150501672240803,153,1,145,445.6240370446164,4.073269220997355,1.4903813947980482,1.4903813947980482,3.835221019770236,-1.0,34.0,82,34,High R-Multiple Sensitivity
SMC,XAUUSD,M15,Cap_5.0,,299,299,154,145,0.5150501672240803,153,1,145,254.68202052073804,2.7564277277292275,0.8517793328452777,0.8517793328452777,2.595337795589208,-1.0,34.0,82,34,High R-Multiple Sensitivity
SMC,XAUUSD,M15,Cap_4.0,,299,299,154,145,0.5150501672240803,153,1,145,215.194251851205,2.4840982886289984,0.7197132168936622,0.7197132168936622,2.338923713319512,-1.0,34.0,82,34,High R-Multiple Sensitivity
SMC,XAUUSD,M15,Cap_3.0,,299,299,154,145,0.5150501672240803,153,1,145,174.14244516120883,2.2009823804221287,0.5824162045525378,0.5824162045525378,2.0723535400078488,-1.0,34.0,82,34,High R-Multiple Sensitivity
SMC,XAUUSD,M15,Cap_2.5,,299,299,154,145,0.5150501672240803,153,1,145,151.5517648444387,2.0451845851340598,0.5068620897807314,0.5068620897807314,1.9256608106781732,-1.0,34.0,82,34,High R-Multiple Sensitivity
SMC,XAUUSD,M15,Cap_2.0,,299,299,154,145,0.5150501672240803,153,1,145,126.03105089443525,1.8691796613409322,0.4215085314195159,0.4215085314195159,1.7599418889249037,-1.0,34.0,82,34,High R-Multiple Sensitivity
SMC,XAUUSD,M30,Baseline,,67,67,16,51,0.23880597014925373,15,1,51,-10.664726369711097,0.7908877182409587,-0.15917502044344922,-0.15917502044344922,2.5209546018930564,-1.0,29.83328481384667,8,24,N/A (baseline non-positive)
SMC,XAUUSD,M30,Cap_5.0,,67,67,16,51,0.23880597014925373,15,1,51,-10.664726369711097,0.7908877182409587,-0.15917502044344922,-0.15917502044344922,2.5209546018930564,-1.0,29.83328481384667,8,24,N/A (baseline non-positive)
SMC,XAUUSD,M30,Cap_4.0,,67,67,16,51,0.23880597014925373,15,1,51,-12.500727214406616,0.7548877016783018,-0.1865780181254719,-0.1865780181254719,2.4062045490995865,-1.0,30.691645557184415,8,24,N/A (baseline non-positive)
SMC,XAUUSD,M30,Cap_3.0,,67,67,16,51,0.23880597014925373,15,1,51,-14.944848290360525,0.7069637590125387,-0.22305743716956009,-0.22305743716956009,2.253446981852467,-1.0,31.691645557184415,8,24,N/A (baseline non-positive)
SMC,XAUUSD,M30,Cap_2.5,,67,67,16,51,0.23880597014925373,15,1,51,-16.934281315908855,0.6679552683155128,-0.2527504674016247,-0.2527504674016247,2.1291074177556966,-1.0,32.191645557184415,8,24,N/A (baseline non-positive)
SMC,XAUUSD,M30,Cap_2.0,,67,67,16,51,0.23880597014925373,15,1,51,-20.529872779421865,0.5974534749132968,-0.3064160116331622,-0.3064160116331622,1.9043829512861337,-1.0,32.691645557184415,8,24,N/A (baseline non-positive)
SMC,XAUUSD,H1,Baseline,,25,25,9,16,0.36,8,1,16,32.506283723676255,3.0316427327297664,1.3002513489470502,1.3002513489470502,5.389587080408473,-1.0,8.957104237481149,6,7,High R-Multiple Sensitivity
SMC,XAUUSD,H1,Cap_5.0,,25,25,9,16,0.36,8,1,16,12.090968546179386,1.7556855341362114,0.4836387418471755,0.4836387418471755,3.121218727353265,-1.0,9.03035659602989,6,7,High R-Multiple Sensitivity
SMC,XAUUSD,H1,Cap_4.0,,25,25,9,16,0.36,8,1,16,9.888434014082469,1.6180271258801542,0.39553736056329875,0.39553736056329875,2.8764926682313856,-1.0,10.03035659602989,6,7,High R-Multiple Sensitivity
SMC,XAUUSD,H1,Cap_3.0,,25,25,9,16,0.36,8,1,16,6.312682314050784,1.394542644628174,0.25250729256203136,0.25250729256203136,2.4791869237834203,-1.0,11.03035659602989,6,7,High R-Multiple Sensitivity
SMC,XAUUSD,H1,Cap_2.5,,25,25,9,16,0.36,8,1,16,4.123119072833169,1.2576949420520729,0.16492476291332675,0.16492476291332675,2.2359021192036854,-1.0,11.53035659602989,6,7,High R-Multiple Sensitivity
SMC,XAUUSD,H1,Cap_2.0,,25,25,9,16,0.36,8,1,16,1.572824997659816,1.0983015623537384,0.06291299990639264,0.06291299990639264,1.9525361108510906,-1.0,12.03035659602989,6,7,High R-Multiple Sensitivity
SMC,XAUUSD,H4,Baseline,,24,24,6,18,0.25,6,0,18,-5.886773206272319,0.6729570440959822,-0.2452822169280133,-0.2452822169280133,2.0188711322879467,-1.0,17.0,3,17,N/A (baseline non-positive)
SMC,XAUUSD,H4,Cap_5.0,,24,24,6,18,0.25,6,0,18,-5.886773206272319,0.6729570440959822,-0.2452822169280133,-0.2452822169280133,2.0188711322879467,-1.0,17.0,3,17,N/A (baseline non-positive)
SMC,XAUUSD,H4,Cap_4.0,,24,24,6,18,0.25,6,0,18,-5.886773206272319,0.6729570440959822,-0.2452822169280133,-0.2452822169280133,2.0188711322879467,-1.0,17.0,3,17,N/A (baseline non-positive)
SMC,XAUUSD,H4,Cap_3.0,,24,24,6,18,0.25,6,0,18,-6.700659027854743,0.6277411651191809,-0.2791941261606143,-0.2791941261606143,1.8832234953575426,-1.0,17.0,3,17,N/A (baseline non-positive)
SMC,XAUUSD,H4,Cap_2.5,,24,24,6,18,0.25,6,0,18,-7.200659027854743,0.5999633873414031,-0.30002745949394766,-0.30002745949394766,1.7998901620242094,-1.0,17.0,3,17,N/A (baseline non-positive)
SMC,XAUUSD,H4,Cap_2.0,,24,24,6,18,0.25,6,0,18,-7.700659027854744,0.5721856095636253,-0.320860792827281,-0.320860792827281,1.7165568286908761,-1.0,17.0,3,17,N/A (baseline non-positive)
SMC,GBPUSD,M1,Baseline,,658,658,210,448,0.3191489361702128,189,21,448,267.08418554255684,1.596170057014637,0.4059030175418797,0.4059030175418797,3.40516278829789,-1.0,48.052739392987036,29,34,High R-Multiple Sensitivity
SMC,GBPUSD,M1,Cap_5.0,,658,658,210,448,0.3191489361702128,189,21,448,149.39760349772286,1.333476793521704,0.22704802963179765,0.22704802963179765,2.8447504928462997,-1.0,51.30504874531147,29,34,High R-Multiple Sensitivity
SMC,GBPUSD,M1,Cap_4.0,,658,658,210,448,0.3191489361702128,189,21,448,112.00472565085668,1.2500105483278057,0.17021994779765454,0.17021994779765454,2.6666891697659842,-1.0,60.082646670011414,29,34,High R-Multiple Sensitivity
SMC,GBPUSD,M1,Cap_3.0,,658,658,210,448,0.3191489361702128,189,21,448,57.18583776095252,1.1276469592878413,0.08690856802576372,0.08690856802576372,2.405646846480727,-1.0,81.38113826926629,29,34,High R-Multiple Sensitivity
SMC,GBPUSD,M1,Cap_2.5,,658,658,210,448,0.3191489361702128,189,21,448,14.715895108259303,1.032847980152365,0.022364582231397118,0.022364582231397118,2.2034090243250444,-1.0,101.94799510378893,29,34,High R-Multiple Sensitivity
SMC,GBPUSD,M1,Cap_2.0,,658,658,210,448,0.3191489361702128,189,21,448,-47.53984671741239,0.8938842707200617,-0.07224900716931974,-0.07224900716931974,1.9069531108694648,-1.0,130.46136822806153,29,34,High R-Multiple Sensitivity
SMC,GBPUSD,M5,Baseline,,476,476,130,346,0.27310924369747897,120,10,346,150.20303220002626,1.434112809826666,0.31555258865551733,0.31555258865551733,3.816946401538663,-1.0,48.984761163835095,15,27,High R-Multiple Sensitivity
SMC,GBPUSD,M5,Cap_5.0,,476,476,130,346,0.27310924369747897,120,10,346,49.19399047749891,1.1421791632297662,0.10334871949054392,0.10334871949054392,3.039953772903838,-1.0,52.459134940328795,15,27,High R-Multiple Sensitivity
SMC,GBPUSD,M5,Cap_4.0,,476,476,130,346,0.27310924369747897,120,10,346,18.25461127049491,1.0527589921112572,0.038350023677510316,0.038350023677510316,2.801958548234576,-1.0,59.403683355896014,15,27,High R-Multiple Sensitivity
SMC,GBPUSD,M5,Cap_3.0,,476,476,130,346,0.27310924369747897,120,10,346,-28.503285432910644,0.9176205623326285,-0.05988085174981228,-0.05988085174981228,2.442282419746841,-1.0,72.43111882578908,15,27,High R-Multiple Sensitivity
SMC,GBPUSD,M5,Cap_2.5,,476,476,130,346,0.27310924369747897,120,10,346,-59.76617159224197,0.8272654000224222,-0.12555918401731506,-0.12555918401731506,2.2017986800596776,-1.0,81.906585617067,15,27,High R-Multiple Sensitivity
SMC,GBPUSD,M5,Cap_2.0,,476,476,130,346,0.27310924369747897,120,10,346,-99.23219957685154,0.7132017353270187,-0.20847100751439399,-0.20847100751439399,1.8982138494088343,-1.0,100.23219957685154,15,27,High R-Multiple Sensitivity
SMC,GBPUSD,M15,Baseline,,122,122,22,100,0.18032786885245902,22,0,100,-16.66486025083197,0.8333513974916806,-0.13659721517075385,-0.13659721517075385,3.787960897689456,-1.0,53.24746380070544,3,22,N/A (baseline non-positive)
SMC,GBPUSD,M15,Cap_5.0,,122,122,22,100,0.18032786885245902,22,0,100,-37.3556919775076,0.626443080224924,-0.3061941965369475,-0.3061941965369475,2.8474685464769274,-1.0,53.24746380070544,3,22,N/A (baseline non-positive)
SMC,GBPUSD,M15,Cap_4.0,,122,122,22,100,0.18032786885245902,22,0,100,-41.17488466557991,0.588251153344201,-0.3374990546359009,-0.3374990546359009,2.673868878837277,-1.0,54.21720559345575,3,22,N/A (baseline non-positive)
SMC,GBPUSD,M15,Cap_3.0,,122,122,22,100,0.18032786885245902,22,0,100,-47.58342683271632,0.5241657316728368,-0.39002808879275674,-0.39002808879275674,2.3825715076038034,-1.0,57.62574776059216,3,22,N/A (baseline non-positive)
SMC,GBPUSD,M15,Cap_2.5,,122,122,22,100,0.18032786885245902,22,0,100,-51.76949671756948,0.4823050328243052,-0.42434013702925805,-0.42434013702925805,2.1922956037468415,-1.0,60.31181764544532,3,22,N/A (baseline non-positive)
SMC,GBPUSD,M15,Cap_2.0,,122,122,22,100,0.18032786885245902,22,0,100,-57.88711773243219,0.42112882267567814,-0.474484571577313,-0.474484571577313,1.9142219212530822,-1.0,64.88711773243219,3,22,N/A (baseline non-positive)
SMC,GBPUSD,M30,Baseline,,142,142,8,134,0.056338028169014086,8,0,134,-105.97571304007013,0.20913646985022277,-0.7463078383103531,-0.7463078383103531,3.503035869991232,-1.0,111.05404067113969,2,70,N/A (baseline non-positive)
SMC,GBPUSD,M30,Cap_5.0,,142,142,8,134,0.056338028169014086,8,0,134,-111.8729064277372,0.1651275639721103,-0.7878373692094169,-0.7878373692094169,2.765886696532848,-1.0,116.8729064277372,2,70,N/A (baseline non-positive)
SMC,GBPUSD,M30,Cap_4.0,,142,142,8,134,0.056338028169014086,8,0,134,-113.8729064277372,0.15020219083778194,-0.8019218762516704,-0.8019218762516704,2.515886696532848,-1.0,117.8729064277372,2,70,N/A (baseline non-positive)
SMC,GBPUSD,M30,Cap_3.0,,142,142,8,134,0.056338028169014086,8,0,134,-115.90609735880392,0.13502912418803034,-0.816240122245098,-0.816240122245098,2.261737830149509,-1.0,118.90609735880392,2,70,N/A (baseline non-positive)
SMC,GBPUSD,M30,Cap_2.5,,142,142,8,134,0.056338028169014086,8,0,134,-117.40609735880392,0.12383509433728411,-0.8268035025267881,-0.8268035025267881,2.074237830149509,-1.0,119.90609735880392,2,70,N/A (baseline non-positive)
SMC,GBPUSD,M30,Cap_2.0,,142,142,8,134,0.056338028169014086,8,0,134,-119.21299460417839,0.11035078653598217,-0.8395281310153407,-0.8395281310153407,1.8483756744777013,-1.0,121.21299460417839,2,70,N/A (baseline non-positive)
SMC,GBPUSD,H1,Baseline,,37,37,16,21,0.43243243243243246,16,0,21,19.99916693584025,1.952341282659059,0.5405180252929798,0.5405180252929798,2.5624479334900157,-1.0,9.23649470901557,7,8,Low R-Multiple Sensitivity
SMC,GBPUSD,H1,Cap_5.0,,37,37,16,21,0.43243243243243246,16,0,21,18.072090979135915,1.8605757609112337,0.4884348913279977,0.4884348913279977,2.4420056861959947,-1.0,9.23649470901557,7,8,Low R-Multiple Sensitivity
SMC,GBPUSD,H1,Cap_4.0,,37,37,16,21,0.43243243243243246,16,0,21,16.072090979135915,1.7653376656731385,0.43438083727394367,0.43438083727394367,2.3170056861959947,-1.0,9.23649470901557,7,8,Low R-Multiple Sensitivity
SMC,GBPUSD,H1,Cap_3.0,,37,37,16,21,0.43243243243243246,16,0,21,13.435934592342491,1.6398064091591662,0.36313336736060786,0.36313336736060786,2.1522459120214057,-1.0,9.65041084450313,7,8,Low R-Multiple Sensitivity
SMC,GBPUSD,H1,Cap_2.5,,37,37,16,21,0.43243243243243246,16,0,21,11.040345185509665,1.5257307231195079,0.29838770771647743,0.29838770771647743,2.002521574094354,-1.0,10.546000251335956,7,8,Low R-Multiple Sensitivity
SMC,GBPUSD,H1,Cap_2.0,,37,37,16,21,0.43243243243243246,16,0,21,8.130613254916693,1.3871720597579378,0.21974630418693764,0.21974630418693764,1.8206633284322933,-1.0,11.546000251335956,7,8,Low R-Multiple Sensitivity
SMC,GBPUSD,H4,Baseline,,9,9,1,8,0.1111111111111111,1,0,8,-5.840994708857627,0.2698756613927966,-0.6489994120952919,-0.6489994120952919,2.159005291142373,-1.0,8.0,1,8,N/A (baseline non-positive)
SMC,GBPUSD,H4,Cap_5.0,,9,9,1,8,0.1111111111111111,1,0,8,-5.840994708857627,0.2698756613927966,-0.6489994120952919,-0.6489994120952919,2.159005291142373,-1.0,8.0,1,8,N/A (baseline non-positive)
SMC,GBPUSD,H4,Cap_4.0,,9,9,1,8,0.1111111111111111,1,0,8,-5.840994708857627,0.2698756613927966,-0.6489994120952919,-0.6489994120952919,2.159005291142373,-1.0,8.0,1,8,N/A (baseline non-positive)
SMC,GBPUSD,H4,Cap_3.0,,9,9,1,8,0.1111111111111111,1,0,8,-5.840994708857627,0.2698756613927966,-0.6489994120952919,-0.6489994120952919,2.159005291142373,-1.0,8.0,1,8,N/A (baseline non-positive)
SMC,GBPUSD,H4,Cap_2.5,,9,9,1,8,0.1111111111111111,1,0,8,-5.840994708857627,0.2698756613927966,-0.6489994120952919,-0.6489994120952919,2.159005291142373,-1.0,8.0,1,8,N/A (baseline non-positive)
SMC,GBPUSD,H4,Cap_2.0,,9,9,1,8,0.1111111111111111,1,0,8,-6.0,0.25,-0.6666666666666666,-0.6666666666666666,2.0,-1.0,8.0,1,8,N/A (baseline non-positive)
SMC,NZDUSD,M1,Baseline,,555,555,160,395,0.2882882882882883,152,8,395,42.212011275129306,1.1068658513294414,0.07605767797320596,0.07605767797320596,2.7325750704695584,-1.0,49.66682408326571,17,22,High R-Multiple Sensitivity
SMC,NZDUSD,M1,Cap_5.0,,555,555,160,395,0.2882882882882883,152,8,395,1.1220080632450369,1.0028405267423925,0.0020216361499910576,0.0020216361499910576,2.4757625503952814,-1.0,58.89947475574741,17,22,High R-Multiple Sensitivity
SMC,NZDUSD,M1,Cap_4.0,,555,555,160,395,0.2882882882882883,152,8,395,-15.287059300660044,0.9612985840489618,-0.027544250992180257,-0.027544250992180257,2.373205879370875,-1.0,61.530065675898975,17,22,High R-Multiple Sensitivity
SMC,NZDUSD,M1,Cap_3.0,,555,555,160,395,0.2882882882882883,152,8,395,-43.92785609157966,0.8887902377428365,-0.0791492902550985,-0.0791492902550985,2.1942008994276274,-1.0,68.75646367971308,17,22,High R-Multiple Sensitivity
SMC,NZDUSD,M1,Cap_2.5,,555,555,160,395,0.2882882882882883,152,8,395,-66.25040361910531,0.8322774591921384,-0.11937009661100056,-0.11937009661100056,2.0546849773805915,-1.0,78.71338695390158,17,22,High R-Multiple Sensitivity
SMC,NZDUSD,M1,Cap_2.0,,555,555,160,395,0.2882882882882883,152,8,395,-99.84797458117751,0.7472203175160059,-0.17990626050662614,-0.17990626050662614,1.8447001588676404,-1.0,104.17426695573248,17,22,High R-Multiple Sensitivity
SMC,NZDUSD,M5,Baseline,,439,439,120,319,0.2733485193621868,113,7,319,7.40391542042553,1.0232097662082302,0.01686541098046818,0.01686541098046818,2.7200326285035463,-1.0,60.252965119019336,12,20,High R-Multiple Sensitivity
SMC,NZDUSD,M5,Cap_5.0,,439,439,120,319,0.2733485193621868,113,7,319,-17.49263563102728,0.9451641516268736,-0.039846550412362826,-0.039846550412362826,2.5125613697414395,-1.0,60.998848817550055,12,20,High R-Multiple Sensitivity
SMC,NZDUSD,M5,Cap_4.0,,439,439,120,319,0.2733485193621868,113,7,319,-28.004487765955044,0.9122116370973196,-0.06379154388600237,-0.06379154388600237,2.4249626019503747,-1.0,63.95800012622601,12,20,High R-Multiple Sensitivity
SMC,NZDUSD,M5,Cap_3.0,,439,439,120,319,0.2733485193621868,113,7,319,-49.13707737325923,0.8459652746919774,-0.11192956121471351,-0.11192956121471351,2.248857688556173,-1.0,66.95800012622601,12,20,High R-Multiple Sensitivity
SMC,NZDUSD,M5,Cap_2.5,,439,439,120,319,0.2733485193621868,113,7,319,-68.4608263857086,0.7853892589789699,-0.1559472127237098,-0.1559472127237098,2.087826446785762,-1.0,81.3406920011119,12,20,High R-Multiple Sensitivity
SMC,NZDUSD,M5,Cap_2.0,,439,439,120,319,0.2733485193621868,113,7,319,-95.37795819651626,0.7010095354341185,-0.21726186377338555,-0.21726186377338555,1.8635170150290312,-1.0,106.31048253391225,12,20,High R-Multiple Sensitivity
SMC,NZDUSD,M15,Baseline,,162,162,40,122,0.24691358024691357,39,1,122,-7.563636368303506,0.9380029805876763,-0.04668911338458954,-0.04668911338458954,2.8609090907924126,-1.0,54.8118840930935,7,24,N/A (baseline non-positive)
SMC,NZDUSD,M15,Cap_5.0,,162,162,40,122,0.24691358024691357,39,1,122,-16.570075350735856,0.8641797102398698,-0.10228441574528306,-0.10228441574528306,2.635748116231604,-1.0,55.86032406798873,7,24,N/A (baseline non-positive)
SMC,NZDUSD,M15,Cap_4.0,,162,162,40,122,0.24691358024691357,39,1,122,-21.5836966570737,0.8230844536305433,-0.13323269541403518,-0.13323269541403518,2.5104075835731576,-1.0,57.8108971514337,7,24,N/A (baseline non-positive)
SMC,NZDUSD,M15,Cap_3.0,,162,162,40,122,0.24691358024691357,39,1,122,-31.547311923698263,0.7414154760352599,-0.1947364933561621,-0.1947364933561621,2.261317201907543,-1.0,62.24427569761188,7,24,N/A (baseline non-positive)
SMC,NZDUSD,M15,Cap_2.5,,162,162,40,122,0.24691358024691357,39,1,122,-39.497956300818174,0.676246259829359,-0.24381454506677885,-0.24381454506677885,2.062551092479546,-1.0,65.65866707727278,7,24,N/A (baseline non-positive)
SMC,NZDUSD,M15,Cap_2.0,,162,162,40,122,0.24691358024691357,39,1,122,-48.96311832548062,0.5986629645452406,-0.3022414711449421,-0.3022414711449421,1.8259220418629842,-1.0,69.65866707727278,7,24,N/A (baseline non-positive)
SMC,NZDUSD,M30,Baseline,,199,199,27,172,0.135678391959799,25,2,172,-81.09782472393677,0.5285010190468793,-0.4075267574067174,-0.4075267574067174,3.3667472324467864,-1.0,117.70146021514401,8,85,N/A (baseline non-positive)
SMC,NZDUSD,M30,Cap_5.0,,199,199,27,172,0.135678391959799,25,2,172,-109.43068628052875,0.3637750797643677,-0.5499029461333103,-0.5499029461333103,2.317381989610046,-1.0,120.1336707878688,8,85,N/A (baseline non-positive)
SMC,NZDUSD,M30,Cap_4.0,,199,199,27,172,0.135678391959799,25,2,172,-113.33225293796829,0.34109155268623076,-0.569508808733509,-0.569508808733509,2.172879520815989,-1.0,121.33225293796829,8,85,N/A (baseline non-positive)
SMC,NZDUSD,M30,Cap_3.0,,199,199,27,172,0.135678391959799,25,2,172,-118.33225293796829,0.3120217852443703,-0.5946344368742125,-0.5946344368742125,1.9876943356308037,-1.0,123.33225293796829,8,85,N/A (baseline non-positive)
SMC,NZDUSD,M30,Cap_2.5,,199,199,27,172,0.135678391959799,25,2,172,-121.33615783863414,0.29455722186840616,-0.609729436375046,-0.609729436375046,1.876438598569106,-1.0,124.83615783863414,8,85,N/A (baseline non-positive)
SMC,NZDUSD,M30,Cap_2.0,,199,199,27,172,0.135678391959799,25,2,172,-125.58730873392513,0.26984122829113294,-0.631092003688066,-0.631092003688066,1.7189885654101802,-1.0,127.58730873392513,8,85,N/A (baseline non-positive)
SMC,NZDUSD,H1,Baseline,,31,31,9,22,0.2903225806451613,7,2,22,21.080437223356554,1.9582016919707526,0.6800141039792437,0.6800141039792437,4.786715247039616,-1.0,15.0,5,15,High R-Multiple Sensitivity
SMC,NZDUSD,H1,Cap_5.0,,31,31,9,22,0.2903225806451613,7,2,22,13.004299636630844,1.5911045289377659,0.4194935366655111,0.4194935366655111,3.8893666262923157,-1.0,15.0,5,15,High R-Multiple Sensitivity
SMC,NZDUSD,H1,Cap_4.0,,31,31,9,22,0.2903225806451613,7,2,22,8.782419220930684,1.3992008736786674,0.28330384583647367,0.28330384583647367,3.4202688023256314,-1.0,15.0,5,15,High R-Multiple Sensitivity
SMC,NZDUSD,H1,Cap_3.0,,31,31,9,22,0.2903225806451613,7,2,22,2.6347422658856736,1.1197610120857124,0.08499168599631206,0.08499168599631206,2.7371935850984084,-1.0,16.0,5,15,High R-Multiple Sensitivity
SMC,NZDUSD,H1,Cap_2.5,,31,31,9,22,0.2903225806451613,7,2,22,-0.8652577341143264,0.9606701029948034,-0.027911539810139562,-0.027911539810139562,2.348304696209519,-1.0,16.5,5,15,High R-Multiple Sensitivity
SMC,NZDUSD,H1,Cap_2.0,,31,31,9,22,0.2903225806451613,7,2,22,-4.365257734114326,0.8015791939038942,-0.14081476561659118,-0.14081476561659118,1.9594158073206305,-1.0,17.0,5,15,High R-Multiple Sensitivity
SMC,NZDUSD,H4,Baseline,,15,15,5,10,0.3333333333333333,5,0,10,19.266421187581393,2.9266421187581395,1.2844280791720928,1.2844280791720928,5.853284237516279,-1.0,7.0,2,7,High R-Multiple Sensitivity
SMC,NZDUSD,H4,Cap_5.0,,15,15,5,10,0.3333333333333333,5,0,10,6.115023794607271,1.611502379460727,0.4076682529738181,0.4076682529738181,3.223004758921454,-1.0,7.0,2,7,High R-Multiple Sensitivity
SMC,NZDUSD,H4,Cap_4.0,,15,15,5,10,0.3333333333333333,5,0,10,4.1150237946072705,1.411502379460727,0.2743349196404847,0.2743349196404847,2.8230047589214537,-1.0,7.0,2,7,High R-Multiple Sensitivity
SMC,NZDUSD,H4,Cap_3.0,,15,15,5,10,0.3333333333333333,5,0,10,2.1150237946072705,1.2115023794607271,0.14100158630715137,0.14100158630715137,2.423004758921454,-1.0,7.0,2,7,High R-Multiple Sensitivity
SMC,NZDUSD,H4,Cap_2.5,,15,15,5,10,0.3333333333333333,5,0,10,1.1150237946072705,1.111502379460727,0.0743349196404847,0.0743349196404847,2.223004758921454,-1.0,7.0,2,7,High R-Multiple Sensitivity
SMC,NZDUSD,H4,Cap_2.0,,15,15,5,10,0.3333333333333333,5,0,10,-0.3621189003031864,0.9637881099696812,-0.024141260020212427,-0.024141260020212427,1.9275762199393627,-1.0,7.0,2,7,High R-Multiple Sensitivity
ICT,EURUSD,M1,Baseline,,82,82,35,47,0.4268292682926829,35,0,47,30.31999542763127,1.6451062856942826,0.36975604180038135,0.36975604180038135,2.209142726503751,-1.0,12.0,12,12,Low R-Multiple Sensitivity
ICT,EURUSD,M1,Cap_5.0,,82,82,35,47,0.4268292682926829,35,0,47,25.39752313624829,1.540372832686134,0.30972589190546695,0.30972589190546695,2.0685006610356655,-1.0,12.0,12,12,Low R-Multiple Sensitivity
ICT,EURUSD,M1,Cap_4.0,,82,82,35,47,0.4268292682926829,35,0,47,24.39752313624829,1.5190962369414531,0.29753076995424743,0.29753076995424743,2.0399292324642366,-1.0,12.0,12,12,Low R-Multiple Sensitivity
ICT,EURUSD,M1,Cap_3.0,,82,82,35,47,0.4268292682926829,35,0,47,22.467660664957197,1.4780353332969618,0.2739958617677707,0.2739958617677707,1.9847903047130628,-1.0,12.0,12,12,Low R-Multiple Sensitivity
ICT,EURUSD,M1,Cap_2.5,,82,82,35,47,0.4268292682926829,35,0,47,20.44818938952817,1.4350678593516628,0.2493681632869289,0.2493681632869289,1.9270911254150906,-1.0,12.0,12,12,Low R-Multiple Sensitivity
ICT,EURUSD,M1,Cap_2.0,,82,82,35,47,0.4268292682926829,35,0,47,16.187630643908502,1.344417673274649,0.1974101298037622,0.1974101298037622,1.8053608755402428,-1.0,12.487021412214528,12,12,Low R-Multiple Sensitivity
ICT,EURUSD,M5,Baseline,,136,136,6,130,0.04411764705882353,6,0,130,-119.6855647020098,0.07934180998454,-0.8800409169265426,-0.8800409169265426,1.7190725496650334,-1.0,119.87579326168401,3,101,N/A (baseline non-positive)
ICT,EURUSD,M5,Cap_5.0,,136,136,6,130,0.04411764705882353,6,0,130,-119.6855647020098,0.07934180998454,-0.8800409169265426,-0.8800409169265426,1.7190725496650334,-1.0,119.87579326168401,3,101,N/A (baseline non-positive)
ICT,EURUSD,M5,Cap_4.0,,136,136,6,130,0.04411764705882353,6,0,130,-119.6855647020098,0.07934180998454,-0.8800409169265426,-0.8800409169265426,1.7190725496650334,-1.0,119.87579326168401,3,101,N/A (baseline non-positive)
ICT,EURUSD,M5,Cap_3.0,,136,136,6,130,0.04411764705882353,6,0,130,-119.6855647020098,0.07934180998454,-0.8800409169265426,-0.8800409169265426,1.7190725496650334,-1.0,119.87579326168401,3,101,N/A (baseline non-positive)
ICT,EURUSD,M5,Cap_2.5,,136,136,6,130,0.04411764705882353,6,0,130,-119.6855647020098,0.07934180998454,-0.8800409169265426,-0.8800409169265426,1.7190725496650334,-1.0,119.87579326168401,3,101,N/A (baseline non-positive)
ICT,EURUSD,M5,Cap_2.0,,136,136,6,130,0.04411764705882353,6,0,130,-119.78188347071382,0.07860089637912447,-0.8807491431670134,-0.8807491431670134,1.7030194215476968,-1.0,119.97211203038803,3,101,N/A (baseline non-positive)
ICT,EURUSD,M15,Baseline,,14,14,4,10,0.2857142857142857,4,0,10,-1.7033041128054252,0.8296695887194575,-0.12166457948610179,-0.12166457948610179,2.074173971798644,-1.0,4.272533143825871,2,4,N/A (baseline non-positive)
ICT,EURUSD,M15,Cap_5.0,,14,14,4,10,0.2857142857142857,4,0,10,-1.7033041128054252,0.8296695887194575,-0.12166457948610179,-0.12166457948610179,2.074173971798644,-1.0,4.272533143825871,2,4,N/A (baseline non-positive)
ICT,EURUSD,M15,Cap_4.0,,14,14,4,10,0.2857142857142857,4,0,10,-1.7033041128054252,0.8296695887194575,-0.12166457948610179,-0.12166457948610179,2.074173971798644,-1.0,4.272533143825871,2,4,N/A (baseline non-positive)
ICT,EURUSD,M15,Cap_3.0,,14,14,4,10,0.2857142857142857,4,0,10,-1.7033041128054252,0.8296695887194575,-0.12166457948610179,-0.12166457948610179,2.074173971798644,-1.0,4.272533143825871,2,4,N/A (baseline non-positive)
ICT,EURUSD,M15,Cap_2.5,,14,14,4,10,0.2857142857142857,4,0,10,-1.7725331438258713,0.8227466856174128,-0.12660951027327652,-0.12660951027327652,2.056866714043532,-1.0,4.272533143825871,2,4,N/A (baseline non-positive)
ICT,EURUSD,M15,Cap_2.0,,14,14,4,10,0.2857142857142857,4,0,10,-2.299738807275042,0.7700261192724958,-0.164267057662503,-0.164267057662503,1.9250652981812395,-1.0,4.299738807275042,2,4,N/A (baseline non-positive)
ICT,EURUSD,M30,Baseline,,33,33,2,31,0.06060606060606061,2,0,31,-27.297814970204964,0.11942532354177537,-0.8272065142486352,-0.8272065142486352,1.8510925148975184,-1.0,29.210742602200703,1,22,N/A (baseline non-positive)
ICT,EURUSD,M30,Cap_5.0,,33,33,2,31,0.06060606060606061,2,0,31,-27.297814970204964,0.11942532354177537,-0.8272065142486352,-0.8272065142486352,1.8510925148975184,-1.0,29.210742602200703,1,22,N/A (baseline non-positive)
ICT,EURUSD,M30,Cap_4.0,,33,33,2,31,0.06060606060606061,2,0,31,-27.297814970204964,0.11942532354177537,-0.8272065142486352,-0.8272065142486352,1.8510925148975184,-1.0,29.210742602200703,1,22,N/A (baseline non-positive)
ICT,EURUSD,M30,Cap_3.0,,33,33,2,31,0.06060606060606061,2,0,31,-27.297814970204964,0.11942532354177537,-0.8272065142486352,-0.8272065142486352,1.8510925148975184,-1.0,29.210742602200703,1,22,N/A (baseline non-positive)
ICT,EURUSD,M30,Cap_2.5,,33,33,2,31,0.06060606060606061,2,0,31,-27.297814970204964,0.11942532354177537,-0.8272065142486352,-0.8272065142486352,1.8510925148975184,-1.0,29.210742602200703,1,22,N/A (baseline non-positive)
ICT,EURUSD,M30,Cap_2.0,,33,33,2,31,0.06060606060606061,2,0,31,-27.297814970204964,0.11942532354177537,-0.8272065142486352,-0.8272065142486352,1.8510925148975184,-1.0,29.210742602200703,1,22,N/A (baseline non-positive)
ICT,EURUSD,H1,Baseline,,4,4,1,3,0.25,1,0,3,-1.4831898645241848,0.5056033784919384,-0.3707974661310462,-0.3707974661310462,1.5168101354758152,-1.0,3.0,1,3,N/A (baseline non-positive)
ICT,EURUSD,H1,Cap_5.0,,4,4,1,3,0.25,1,0,3,-1.4831898645241848,0.5056033784919384,-0.3707974661310462,-0.3707974661310462,1.5168101354758152,-1.0,3.0,1,3,N/A (baseline non-positive)
ICT,EURUSD,H1,Cap_4.0,,4,4,1,3,0.25,1,0,3,-1.4831898645241848,0.5056033784919384,-0.3707974661310462,-0.3707974661310462,1.5168101354758152,-1.0,3.0,1,3,N/A (baseline non-positive)
ICT,EURUSD,H1,Cap_3.0,,4,4,1,3,0.25,1,0,3,-1.4831898645241848,0.5056033784919384,-0.3707974661310462,-0.3707974661310462,1.5168101354758152,-1.0,3.0,1,3,N/A (baseline non-positive)
ICT,EURUSD,H1,Cap_2.5,,4,4,1,3,0.25,1,0,3,-1.4831898645241848,0.5056033784919384,-0.3707974661310462,-0.3707974661310462,1.5168101354758152,-1.0,3.0,1,3,N/A (baseline non-positive)
ICT,EURUSD,H1,Cap_2.0,,4,4,1,3,0.25,1,0,3,-1.4831898645241848,0.5056033784919384,-0.3707974661310462,-0.3707974661310462,1.5168101354758152,-1.0,3.0,1,3,N/A (baseline non-positive)
ICT,EURUSD,H4,Baseline,,1,1,1,0,1.0,0,1,0,4.376762354317143,inf,4.376762354317143,4.376762354317143,4.376762354317143,0.0,0.0,1,0,Low R-Multiple Sensitivity
ICT,EURUSD,H4,Cap_5.0,,1,1,1,0,1.0,0,1,0,4.376762354317143,inf,4.376762354317143,4.376762354317143,4.376762354317143,0.0,0.0,1,0,Low R-Multiple Sensitivity
ICT,EURUSD,H4,Cap_4.0,,1,1,1,0,1.0,0,1,0,4.0,inf,4.0,4.0,4.0,0.0,0.0,1,0,Low R-Multiple Sensitivity
ICT,EURUSD,H4,Cap_3.0,,1,1,1,0,1.0,0,1,0,3.0,inf,3.0,3.0,3.0,0.0,0.0,1,0,Low R-Multiple Sensitivity
ICT,EURUSD,H4,Cap_2.5,,1,1,1,0,1.0,0,1,0,2.5,inf,2.5,2.5,2.5,0.0,0.0,1,0,Low R-Multiple Sensitivity
ICT,EURUSD,H4,Cap_2.0,,1,1,1,0,1.0,0,1,0,2.0,inf,2.0,2.0,2.0,0.0,0.0,1,0,Low R-Multiple Sensitivity
ICT,XAUUSD,M1,Baseline,,92,92,32,60,0.34782608695652173,30,2,60,5.653654763907522,1.0942275793984588,0.061452769172907845,0.061452769172907845,2.05167671137211,-1.0,12.0,4,12,Low R-Multiple Sensitivity
ICT,XAUUSD,M1,Cap_5.0,,92,92,32,60,0.34782608695652173,30,2,60,5.653654763907522,1.0942275793984588,0.061452769172907845,0.061452769172907845,2.05167671137211,-1.0,12.0,4,12,Low R-Multiple Sensitivity
ICT,XAUUSD,M1,Cap_4.0,,92,92,32,60,0.34782608695652173,30,2,60,5.653654763907522,1.0942275793984588,0.061452769172907845,0.061452769172907845,2.05167671137211,-1.0,12.0,4,12,Low R-Multiple Sensitivity
ICT,XAUUSD,M1,Cap_3.0,,92,92,32,60,0.34782608695652173,30,2,60,5.653654763907522,1.0942275793984588,0.061452769172907845,0.061452769172907845,2.05167671137211,-1.0,12.0,4,12,Low R-Multiple Sensitivity
ICT,XAUUSD,M1,Cap_2.5,,92,92,32,60,0.34782608695652173,30,2,60,2.9012732329849023,1.0483545538830819,0.03153557861940111,0.03153557861940111,1.9656647885307783,-1.0,12.050381780399624,4,12,Low R-Multiple Sensitivity
ICT,XAUUSD,M1,Cap_2.0,,92,92,32,60,0.34782608695652173,30,2,60,-2.5913001219413054,0.9568116646343117,-0.02816630567327506,-0.02816630567327506,1.794021871189334,-1.0,13.0,4,12,Low R-Multiple Sensitivity
ICT,XAUUSD,M5,Baseline,,58,58,10,48,0.1724137931034483,10,0,48,-26.314376246507905,0.4517838281977519,-0.45369614218117077,-0.45369614218117077,2.1685623753492096,-1.0,29.102660700512597,4,13,N/A (baseline non-positive)
ICT,XAUUSD,M5,Cap_5.0,,58,58,10,48,0.1724137931034483,10,0,48,-26.314376246507905,0.4517838281977519,-0.45369614218117077,-0.45369614218117077,2.1685623753492096,-1.0,29.102660700512597,4,13,N/A (baseline non-positive)
ICT,XAUUSD,M5,Cap_4.0,,58,58,10,48,0.1724137931034483,10,0,48,-26.314376246507905,0.4517838281977519,-0.45369614218117077,-0.45369614218117077,2.1685623753492096,-1.0,29.102660700512597,4,13,N/A (baseline non-positive)
ICT,XAUUSD,M5,Cap_3.0,,58,58,10,48,0.1724137931034483,10,0,48,-26.314376246507905,0.4517838281977519,-0.45369614218117077,-0.45369614218117077,2.1685623753492096,-1.0,29.102660700512597,4,13,N/A (baseline non-positive)
ICT,XAUUSD,M5,Cap_2.5,,58,58,10,48,0.1724137931034483,10,0,48,-26.41202053496299,0.44974957218827094,-0.45537966439591365,-0.45537966439591365,2.1587979465037006,-1.0,29.200304988967684,4,13,N/A (baseline non-positive)
ICT,XAUUSD,M5,Cap_2.0,,58,58,10,48,0.1724137931034483,10,0,48,-28.610800919595416,0.40394164750842876,-0.49328967102750715,-0.49328967102750715,1.9389199080404582,-1.0,30.610800919595416,4,13,N/A (baseline non-positive)
ICT,XAUUSD,M15,Baseline,,60,60,20,40,0.3333333333333333,20,0,40,-5.121908797100584,0.8719522800724853,-0.08536514661834307,-0.08536514661834307,1.7439045601449705,-1.0,27.35180557445731,13,21,N/A (baseline non-positive)
ICT,XAUUSD,M15,Cap_5.0,,60,60,20,40,0.3333333333333333,20,0,40,-5.121908797100584,0.8719522800724853,-0.08536514661834307,-0.08536514661834307,1.7439045601449705,-1.0,27.35180557445731,13,21,N/A (baseline non-positive)
ICT,XAUUSD,M15,Cap_4.0,,60,60,20,40,0.3333333333333333,20,0,40,-5.121908797100584,0.8719522800724853,-0.08536514661834307,-0.08536514661834307,1.7439045601449705,-1.0,27.35180557445731,13,21,N/A (baseline non-positive)
ICT,XAUUSD,M15,Cap_3.0,,60,60,20,40,0.3333333333333333,20,0,40,-5.121908797100584,0.8719522800724853,-0.08536514661834307,-0.08536514661834307,1.7439045601449705,-1.0,27.35180557445731,13,21,N/A (baseline non-positive)
ICT,XAUUSD,M15,Cap_2.5,,60,60,20,40,0.3333333333333333,20,0,40,-5.46087944694321,0.8634780138264195,-0.0910146574490535,-0.0910146574490535,1.7269560276528393,-1.0,27.5,13,21,N/A (baseline non-positive)
ICT,XAUUSD,M15,Cap_2.0,,60,60,20,40,0.3333333333333333,20,0,40,-6.827629065697796,0.8293092733575552,-0.11379381776162993,-0.11379381776162993,1.6586185467151102,-1.0,28.0,13,21,N/A (baseline non-positive)
ICT,XAUUSD,M30,Baseline,,10,10,6,4,0.6,6,0,4,9.642165718466215,3.4105414296165537,0.9642165718466215,0.9642165718466215,2.273694286411036,-1.0,4.0,6,4,Low R-Multiple Sensitivity
ICT,XAUUSD,M30,Cap_5.0,,10,10,6,4,0.6,6,0,4,9.642165718466215,3.4105414296165537,0.9642165718466215,0.9642165718466215,2.273694286411036,-1.0,4.0,6,4,Low R-Multiple Sensitivity
ICT,XAUUSD,M30,Cap_4.0,,10,10,6,4,0.6,6,0,4,9.642165718466215,3.4105414296165537,0.9642165718466215,0.9642165718466215,2.273694286411036,-1.0,4.0,6,4,Low R-Multiple Sensitivity
ICT,XAUUSD,M30,Cap_3.0,,10,10,6,4,0.6,6,0,4,9.198044642512302,3.2995111606280756,0.9198044642512302,0.9198044642512302,2.1996741070853836,-1.0,4.0,6,4,Low R-Multiple Sensitivity
ICT,XAUUSD,M30,Cap_2.5,,10,10,6,4,0.6,6,0,4,8.559398316723946,3.1398495791809866,0.8559398316723946,0.8559398316723946,2.0932330527873244,-1.0,4.0,6,4,Low R-Multiple Sensitivity
ICT,XAUUSD,M30,Cap_2.0,,10,10,6,4,0.6,6,0,4,7.420892149063171,2.8552230372657927,0.7420892149063171,0.7420892149063171,1.903482024843862,-1.0,4.0,6,4,Low R-Multiple Sensitivity
ICT,XAUUSD,H1,Baseline,,7,7,3,4,0.42857142857142855,3,0,4,1.6534756688630583,1.4133689172157646,0.23621080983757975,0.23621080983757975,1.8844918896210194,-1.0,4.0,3,4,Low R-Multiple Sensitivity
ICT,XAUUSD,H1,Cap_5.0,,7,7,3,4,0.42857142857142855,3,0,4,1.6534756688630583,1.4133689172157646,0.23621080983757975,0.23621080983757975,1.8844918896210194,-1.0,4.0,3,4,Low R-Multiple Sensitivity
ICT,XAUUSD,H1,Cap_4.0,,7,7,3,4,0.42857142857142855,3,0,4,1.6534756688630583,1.4133689172157646,0.23621080983757975,0.23621080983757975,1.8844918896210194,-1.0,4.0,3,4,Low R-Multiple Sensitivity
ICT,XAUUSD,H1,Cap_3.0,,7,7,3,4,0.42857142857142855,3,0,4,1.6534756688630583,1.4133689172157646,0.23621080983757975,0.23621080983757975,1.8844918896210194,-1.0,4.0,3,4,Low R-Multiple Sensitivity
ICT,XAUUSD,H1,Cap_2.5,,7,7,3,4,0.42857142857142855,3,0,4,1.6534756688630583,1.4133689172157646,0.23621080983757975,0.23621080983757975,1.8844918896210194,-1.0,4.0,3,4,Low R-Multiple Sensitivity
ICT,XAUUSD,H1,Cap_2.0,,7,7,3,4,0.42857142857142855,3,0,4,1.6031815936897058,1.4007953984224266,0.22902594195567225,0.22902594195567225,1.8677271978965686,-1.0,4.0,3,4,Low R-Multiple Sensitivity
ICT,XAUUSD,H4,Baseline,,4,4,0,4,0.0,0,0,4,-4.0,0.0,-1.0,-1.0,0.0,-1.0,4.0,0,4,N/A (baseline non-positive)
ICT,XAUUSD,H4,Cap_5.0,,4,4,0,4,0.0,0,0,4,-4.0,0.0,-1.0,-1.0,0.0,-1.0,4.0,0,4,N/A (baseline non-positive)
ICT,XAUUSD,H4,Cap_4.0,,4,4,0,4,0.0,0,0,4,-4.0,0.0,-1.0,-1.0,0.0,-1.0,4.0,0,4,N/A (baseline non-positive)
ICT,XAUUSD,H4,Cap_3.0,,4,4,0,4,0.0,0,0,4,-4.0,0.0,-1.0,-1.0,0.0,-1.0,4.0,0,4,N/A (baseline non-positive)
ICT,XAUUSD,H4,Cap_2.5,,4,4,0,4,0.0,0,0,4,-4.0,0.0,-1.0,-1.0,0.0,-1.0,4.0,0,4,N/A (baseline non-positive)
ICT,XAUUSD,H4,Cap_2.0,,4,4,0,4,0.0,0,0,4,-4.0,0.0,-1.0,-1.0,0.0,-1.0,4.0,0,4,N/A (baseline non-positive)
ICT,GBPUSD,M1,Baseline,,96,96,31,65,0.3229166666666667,27,4,65,5.970596847096344,1.0918553361091745,0.06219371715725358,0.06219371715725358,2.2893740918418173,-1.0,27.276947751735676,6,10,High R-Multiple Sensitivity
ICT,GBPUSD,M1,Cap_5.0,,96,96,31,65,0.3229166666666667,27,4,65,2.6874198607977515,1.04134492093535,0.02799395688330991,0.02799395688330991,2.1834651567999273,-1.0,27.276947751735676,6,10,High R-Multiple Sensitivity
ICT,GBPUSD,M1,Cap_4.0,,96,96,31,65,0.3229166666666667,27,4,65,0.4030344378420052,1.006200529812954,0.004198275394187555,0.004198275394187555,2.1097753044465164,-1.0,27.276947751735676,6,10,High R-Multiple Sensitivity
ICT,GBPUSD,M1,Cap_3.0,,96,96,31,65,0.3229166666666667,27,4,65,-2.717403589618972,0.9581937909289391,-0.02830628739186429,-0.02830628739186429,2.009116013238098,-1.0,27.276947751735676,6,10,High R-Multiple Sensitivity
ICT,GBPUSD,M1,Cap_2.5,,96,96,31,65,0.3229166666666667,27,4,65,-5.71740358961897,0.9120399447750929,-0.05955628739186427,-0.05955628739186427,1.9123418196897106,-1.0,27.276947751735676,6,10,High R-Multiple Sensitivity
ICT,GBPUSD,M1,Cap_2.0,,96,96,31,65,0.3229166666666667,27,4,65,-10.097881557580001,0.8446479760372309,-0.10518626622479167,-0.10518626622479167,1.771036078787742,-1.0,27.276947751735676,6,10,High R-Multiple Sensitivity
ICT,GBPUSD,M5,Baseline,,53,53,13,40,0.24528301886792453,12,1,40,-12.198713243715876,0.6950321689071031,-0.23016440082482784,-0.23016440082482784,2.1385605197141633,-1.0,14.156224905754947,3,13,N/A (baseline non-positive)
ICT,GBPUSD,M5,Cap_5.0,,53,53,13,40,0.24528301886792453,12,1,40,-12.198713243715876,0.6950321689071031,-0.23016440082482784,-0.23016440082482784,2.1385605197141633,-1.0,14.156224905754947,3,13,N/A (baseline non-positive)
ICT,GBPUSD,M5,Cap_4.0,,53,53,13,40,0.24528301886792453,12,1,40,-12.664816097398406,0.6833795975650399,-0.23895879429053596,-0.23895879429053596,2.1027064540462765,-1.0,14.54605642868905,3,13,N/A (baseline non-positive)
ICT,GBPUSD,M5,Cap_3.0,,53,53,13,40,0.24528301886792453,12,1,40,-14.176810780000313,0.6455797304999921,-0.2674869958490625,-0.2674869958490625,1.9863991707692066,-1.0,16.058051111290958,3,13,N/A (baseline non-positive)
ICT,GBPUSD,M5,Cap_2.5,,53,53,13,40,0.24528301886792453,12,1,40,-15.176810780000313,0.620579730499992,-0.2863549203773644,-0.2863549203773644,1.9094760938461297,-1.0,17.058051111290958,3,13,N/A (baseline non-positive)
ICT,GBPUSD,M5,Cap_2.0,,53,53,13,40,0.24528301886792453,12,1,40,-16.554115282935577,0.5861471179266106,-0.3123417977912373,-0.3123417977912373,1.8035295936203404,-1.0,18.43535561422622,3,13,N/A (baseline non-positive)
ICT,GBPUSD,M15,Baseline,,12,12,5,7,0.4166666666666667,5,0,7,3.3382669445961604,1.4768952777994513,0.27818891204968005,0.27818891204968005,2.067653388919232,-1.0,3.0,3,3,Low R-Multiple Sensitivity
ICT,GBPUSD,M15,Cap_5.0,,12,12,5,7,0.4166666666666667,5,0,7,3.3382669445961604,1.4768952777994513,0.27818891204968005,0.27818891204968005,2.067653388919232,-1.0,3.0,3,3,Low R-Multiple Sensitivity
ICT,GBPUSD,M15,Cap_4.0,,12,12,5,7,0.4166666666666667,5,0,7,3.3382669445961604,1.4768952777994513,0.27818891204968005,0.27818891204968005,2.067653388919232,-1.0,3.0,3,3,Low R-Multiple Sensitivity
ICT,GBPUSD,M15,Cap_3.0,,12,12,5,7,0.4166666666666667,5,0,7,3.3382669445961604,1.4768952777994513,0.27818891204968005,0.27818891204968005,2.067653388919232,-1.0,3.0,3,3,Low R-Multiple Sensitivity
ICT,GBPUSD,M15,Cap_2.5,,12,12,5,7,0.4166666666666667,5,0,7,3.2789667526822566,1.468423821811751,0.27324722939018803,0.27324722939018803,2.0557933505364514,-1.0,3.0,3,3,Low R-Multiple Sensitivity
ICT,GBPUSD,M15,Cap_2.0,,12,12,5,7,0.4166666666666667,5,0,7,2.44829491063385,1.3497564158048356,0.20402457588615416,0.20402457588615416,1.88965898212677,-1.0,3.0,3,3,Low R-Multiple Sensitivity
ICT,GBPUSD,M30,Baseline,,67,67,19,48,0.2835820895522388,1,18,48,7.806773121123482,1.1626411066900726,0.11651900180781316,0.11651900180781316,2.9371985853222884,-1.0,46.5,18,45,Low R-Multiple Sensitivity
ICT,GBPUSD,M30,Cap_5.0,,67,67,19,48,0.2835820895522388,1,18,48,7.806773121123482,1.1626411066900726,0.11651900180781316,0.11651900180781316,2.9371985853222884,-1.0,46.5,18,45,Low R-Multiple Sensitivity
ICT,GBPUSD,M30,Cap_4.0,,67,67,19,48,0.2835820895522388,1,18,48,7.806773121123482,1.1626411066900726,0.11651900180781316,0.11651900180781316,2.9371985853222884,-1.0,46.5,18,45,Low R-Multiple Sensitivity
ICT,GBPUSD,M30,Cap_3.0,,67,67,19,48,0.2835820895522388,1,18,48,7.074381919977391,1.1473829566661957,0.10558778985040881,0.10558778985040881,2.8986516799988102,-1.0,46.5,18,45,Low R-Multiple Sensitivity
ICT,GBPUSD,M30,Cap_2.5,,67,67,19,48,0.2835820895522388,1,18,48,-1.5,0.96875,-0.022388059701492536,-0.022388059701492536,2.4473684210526314,-1.0,46.5,18,45,Low R-Multiple Sensitivity
ICT,GBPUSD,M30,Cap_2.0,,67,67,19,48,0.2835820895522388,1,18,48,-10.5,0.78125,-0.15671641791044777,-0.15671641791044777,1.9736842105263157,-1.0,46.5,18,45,Low R-Multiple Sensitivity
ICT,GBPUSD,H1,Baseline,,4,4,1,3,0.25,1,0,3,-1.397262370962104,0.5342458763459653,-0.349315592740526,-0.349315592740526,1.602737629037896,-1.0,3.0,1,3,N/A (baseline non-positive)
ICT,GBPUSD,H1,Cap_5.0,,4,4,1,3,0.25,1,0,3,-1.397262370962104,0.5342458763459653,-0.349315592740526,-0.349315592740526,1.602737629037896,-1.0,3.0,1,3,N/A (baseline non-positive)
ICT,GBPUSD,H1,Cap_4.0,,4,4,1,3,0.25,1,0,3,-1.397262370962104,0.5342458763459653,-0.349315592740526,-0.349315592740526,1.602737629037896,-1.0,3.0,1,3,N/A (baseline non-positive)
ICT,GBPUSD,H1,Cap_3.0,,4,4,1,3,0.25,1,0,3,-1.397262370962104,0.5342458763459653,-0.349315592740526,-0.349315592740526,1.602737629037896,-1.0,3.0,1,3,N/A (baseline non-positive)
ICT,GBPUSD,H1,Cap_2.5,,4,4,1,3,0.25,1,0,3,-1.397262370962104,0.5342458763459653,-0.349315592740526,-0.349315592740526,1.602737629037896,-1.0,3.0,1,3,N/A (baseline non-positive)
ICT,GBPUSD,H1,Cap_2.0,,4,4,1,3,0.25,1,0,3,-1.397262370962104,0.5342458763459653,-0.349315592740526,-0.349315592740526,1.602737629037896,-1.0,3.0,1,3,N/A (baseline non-positive)
ICT,GBPUSD,H4,Baseline,,4,4,0,4,0.0,0,0,4,-4.0,0.0,-1.0,-1.0,0.0,-1.0,4.0,0,4,N/A (baseline non-positive)
ICT,GBPUSD,H4,Cap_5.0,,4,4,0,4,0.0,0,0,4,-4.0,0.0,-1.0,-1.0,0.0,-1.0,4.0,0,4,N/A (baseline non-positive)
ICT,GBPUSD,H4,Cap_4.0,,4,4,0,4,0.0,0,0,4,-4.0,0.0,-1.0,-1.0,0.0,-1.0,4.0,0,4,N/A (baseline non-positive)
ICT,GBPUSD,H4,Cap_3.0,,4,4,0,4,0.0,0,0,4,-4.0,0.0,-1.0,-1.0,0.0,-1.0,4.0,0,4,N/A (baseline non-positive)
ICT,GBPUSD,H4,Cap_2.5,,4,4,0,4,0.0,0,0,4,-4.0,0.0,-1.0,-1.0,0.0,-1.0,4.0,0,4,N/A (baseline non-positive)
ICT,GBPUSD,H4,Cap_2.0,,4,4,0,4,0.0,0,0,4,-4.0,0.0,-1.0,-1.0,0.0,-1.0,4.0,0,4,N/A (baseline non-positive)
ICT,NZDUSD,M1,Baseline,,114,114,39,75,0.34210526315789475,39,0,75,11.897716121870687,1.1586362149582758,0.10436593089360252,0.10436593089360252,2.2281465672274536,-1.0,27.324114227264257,11,24,Low R-Multiple Sensitivity
ICT,NZDUSD,M1,Cap_5.0,,114,114,39,75,0.34210526315789475,39,0,75,11.897716121870687,1.1586362149582758,0.10436593089360252,0.10436593089360252,2.2281465672274536,-1.0,27.324114227264257,11,24,Low R-Multiple Sensitivity
ICT,NZDUSD,M1,Cap_4.0,,114,114,39,75,0.34210526315789475,39,0,75,11.897716121870687,1.1586362149582758,0.10436593089360252,0.10436593089360252,2.2281465672274536,-1.0,27.324114227264257,11,24,Low R-Multiple Sensitivity
ICT,NZDUSD,M1,Cap_3.0,,114,114,39,75,0.34210526315789475,39,0,75,10.471022253391144,1.139613630045215,0.09185107239816794,0.09185107239816794,2.1915646731638754,-1.0,27.324114227264257,11,24,Low R-Multiple Sensitivity
ICT,NZDUSD,M1,Cap_2.5,,114,114,39,75,0.34210526315789475,39,0,75,5.88040883011214,1.078405451068162,0.05158253359747491,0.05158253359747491,2.073856636669542,-1.0,27.781845728678856,11,24,Low R-Multiple Sensitivity
ICT,NZDUSD,M1,Cap_2.0,,114,114,39,75,0.34210526315789475,39,0,75,-2.556432228197343,0.9659142369573689,-0.022424844106994236,-0.022424844106994236,1.8575273787641708,-1.0,28.78301314622106,11,24,Low R-Multiple Sensitivity
ICT,NZDUSD,M5,Baseline,,64,64,15,49,0.234375,15,0,49,-17.803776681397828,0.6366576187469833,-0.27818401064684106,-0.27818401064684106,2.0797482212401452,-1.0,23.66152017841282,5,10,N/A (baseline non-positive)
ICT,NZDUSD,M5,Cap_5.0,,64,64,15,49,0.234375,15,0,49,-17.803776681397828,0.6366576187469833,-0.27818401064684106,-0.27818401064684106,2.0797482212401452,-1.0,23.66152017841282,5,10,N/A (baseline non-positive)
ICT,NZDUSD,M5,Cap_4.0,,64,64,15,49,0.234375,15,0,49,-17.803776681397828,0.6366576187469833,-0.27818401064684106,-0.27818401064684106,2.0797482212401452,-1.0,23.66152017841282,5,10,N/A (baseline non-positive)
ICT,NZDUSD,M5,Cap_3.0,,64,64,15,49,0.234375,15,0,49,-17.810126067258203,0.6365280394437103,-0.2782832198009094,-0.2782832198009094,2.079324928849453,-1.0,23.667869564273197,5,10,N/A (baseline non-positive)
ICT,NZDUSD,M5,Cap_2.5,,64,64,15,49,0.234375,15,0,49,-18.38126216933982,0.6248722006257181,-0.2872072213959347,-0.2872072213959347,2.041249188710679,-1.0,24.239005666354814,5,10,N/A (baseline non-positive)
ICT,NZDUSD,M5,Cap_2.0,,64,64,15,49,0.234375,15,0,49,-21.304470457586483,0.5652148886206841,-0.3328823508997888,-0.3328823508997888,1.8463686361609013,-1.0,26.714729906711213,5,10,N/A (baseline non-positive)
ICT,NZDUSD,M15,Baseline,,14,14,6,8,0.42857142857142855,6,0,8,7.97994265349544,1.99749283168693,0.5699959038211029,0.5699959038211029,2.6633237755825734,-1.0,8.0,5,8,Low R-Multiple Sensitivity
ICT,NZDUSD,M15,Cap_5.0,,14,14,6,8,0.42857142857142855,6,0,8,7.97994265349544,1.99749283168693,0.5699959038211029,0.5699959038211029,2.6633237755825734,-1.0,8.0,5,8,Low R-Multiple Sensitivity
ICT,NZDUSD,M15,Cap_4.0,,14,14,6,8,0.42857142857142855,6,0,8,7.97994265349544,1.99749283168693,0.5699959038211029,0.5699959038211029,2.6633237755825734,-1.0,8.0,5,8,Low R-Multiple Sensitivity
ICT,NZDUSD,M15,Cap_3.0,,14,14,6,8,0.42857142857142855,6,0,8,6.920908145610923,1.8651135182013654,0.49435058182935165,0.49435058182935165,2.486818024268487,-1.0,8.0,5,8,Low R-Multiple Sensitivity
ICT,NZDUSD,M15,Cap_2.5,,14,14,6,8,0.42857142857142855,6,0,8,5.664209686994587,1.7080262108743234,0.4045864062138991,0.4045864062138991,2.2773682811657645,-1.0,8.0,5,8,Low R-Multiple Sensitivity
ICT,NZDUSD,M15,Cap_2.0,,14,14,6,8,0.42857142857142855,6,0,8,3.77705889933716,1.472132362417145,0.2697899213812257,0.2697899213812257,1.962843149889527,-1.0,8.0,5,8,Low R-Multiple Sensitivity
ICT,NZDUSD,M30,Baseline,,51,51,3,48,0.058823529411764705,3,0,48,-41.840590844097456,0.12832102408130305,-0.8204037420411265,-0.8204037420411265,2.053136385300849,-1.0,41.840590844097456,2,29,N/A (baseline non-positive)
ICT,NZDUSD,M30,Cap_5.0,,51,51,3,48,0.058823529411764705,3,0,48,-41.840590844097456,0.12832102408130305,-0.8204037420411265,-0.8204037420411265,2.053136385300849,-1.0,41.840590844097456,2,29,N/A (baseline non-positive)
ICT,NZDUSD,M30,Cap_4.0,,51,51,3,48,0.058823529411764705,3,0,48,-41.840590844097456,0.12832102408130305,-0.8204037420411265,-0.8204037420411265,2.053136385300849,-1.0,41.840590844097456,2,29,N/A (baseline non-positive)
ICT,NZDUSD,M30,Cap_3.0,,51,51,3,48,0.058823529411764705,3,0,48,-41.840590844097456,0.12832102408130305,-0.8204037420411265,-0.8204037420411265,2.053136385300849,-1.0,41.840590844097456,2,29,N/A (baseline non-positive)
ICT,NZDUSD,M30,Cap_2.5,,51,51,3,48,0.058823529411764705,3,0,48,-41.840590844097456,0.12832102408130305,-0.8204037420411265,-0.8204037420411265,2.053136385300849,-1.0,41.840590844097456,2,29,N/A (baseline non-positive)
ICT,NZDUSD,M30,Cap_2.0,,51,51,3,48,0.058823529411764705,3,0,48,-42.50000000000004,0.11458333333333248,-0.8333333333333341,-0.8333333333333341,1.8333333333333197,-1.0,42.50000000000004,2,29,N/A (baseline non-positive)
ICT,NZDUSD,H1,Baseline,,5,5,1,4,0.2,1,0,4,-2.471841455884066,0.38203963602898355,-0.4943682911768132,-0.4943682911768132,1.5281585441159342,-1.0,4.0,1,4,N/A (baseline non-positive)
ICT,NZDUSD,H1,Cap_5.0,,5,5,1,4,0.2,1,0,4,-2.471841455884066,0.38203963602898355,-0.4943682911768132,-0.4943682911768132,1.5281585441159342,-1.0,4.0,1,4,N/A (baseline non-positive)
ICT,NZDUSD,H1,Cap_4.0,,5,5,1,4,0.2,1,0,4,-2.471841455884066,0.38203963602898355,-0.4943682911768132,-0.4943682911768132,1.5281585441159342,-1.0,4.0,1,4,N/A (baseline non-positive)
ICT,NZDUSD,H1,Cap_3.0,,5,5,1,4,0.2,1,0,4,-2.471841455884066,0.38203963602898355,-0.4943682911768132,-0.4943682911768132,1.5281585441159342,-1.0,4.0,1,4,N/A (baseline non-positive)
ICT,NZDUSD,H1,Cap_2.5,,5,5,1,4,0.2,1,0,4,-2.471841455884066,0.38203963602898355,-0.4943682911768132,-0.4943682911768132,1.5281585441159342,-1.0,4.0,1,4,N/A (baseline non-positive)
ICT,NZDUSD,H1,Cap_2.0,,5,5,1,4,0.2,1,0,4,-2.471841455884066,0.38203963602898355,-0.4943682911768132,-0.4943682911768132,1.5281585441159342,-1.0,4.0,1,4,N/A (baseline non-positive)
ICT,NZDUSD,H4,Baseline,,3,3,0,3,0.0,0,0,3,-3.0,0.0,-1.0,-1.0,0.0,-1.0,3.0,0,3,N/A (baseline non-positive)
ICT,NZDUSD,H4,Cap_5.0,,3,3,0,3,0.0,0,0,3,-3.0,0.0,-1.0,-1.0,0.0,-1.0,3.0,0,3,N/A (baseline non-positive)
ICT,NZDUSD,H4,Cap_4.0,,3,3,0,3,0.0,0,0,3,-3.0,0.0,-1.0,-1.0,0.0,-1.0,3.0,0,3,N/A (baseline non-positive)
ICT,NZDUSD,H4,Cap_3.0,,3,3,0,3,0.0,0,0,3,-3.0,0.0,-1.0,-1.0,0.0,-1.0,3.0,0,3,N/A (baseline non-positive)
ICT,NZDUSD,H4,Cap_2.5,,3,3,0,3,0.0,0,0,3,-3.0,0.0,-1.0,-1.0,0.0,-1.0,3.0,0,3,N/A (baseline non-positive)
ICT,NZDUSD,H4,Cap_2.0,,3,3,0,3,0.0,0,0,3,-3.0,0.0,-1.0,-1.0,0.0,-1.0,3.0,0,3,N/A (baseline non-positive)
SweepDisplacement,EURUSD,M1,Baseline,,513,513,89,424,0.17348927875243664,88,1,424,-111.28580998378068,0.7375334670193849,-0.2169314034771553,-0.2169314034771553,3.513642584451902,-1.0,158.85664144309058,7,27,N/A (baseline non-positive)
SweepDisplacement,EURUSD,M1,Cap_5.0,,513,513,89,424,0.17348927875243664,88,1,424,-179.90053105944313,0.5757062946711247,-0.35068329641216983,-0.35068329641216983,2.7426906622534477,-1.0,187.94387642943352,7,27,N/A (baseline non-positive)
SweepDisplacement,EURUSD,M1,Cap_4.0,,513,513,89,424,0.17348927875243664,88,1,424,-195.12467494692808,0.5398002949364904,-0.38035999014995725,-0.38035999014995725,2.571632865764853,-1.0,199.90062778376407,7,27,N/A (baseline non-positive)
SweepDisplacement,EURUSD,M1,Cap_3.0,,513,513,89,424,0.17348927875243664,88,1,424,-217.18143624426813,0.48777963149936754,-0.42335562620715034,-0.42335562620715034,2.3238040871430545,-1.0,218.89193334328831,7,27,N/A (baseline non-positive)
SweepDisplacement,EURUSD,M1,Cap_2.5,,513,513,89,424,0.17348927875243664,88,1,424,-233.57911672659446,0.4491058567768998,-0.45531991564638297,-0.45531991564638297,2.1395604862180395,-1.0,235.28961382561465,7,27,N/A (baseline non-positive)
SweepDisplacement,EURUSD,M1,Cap_2.0,,513,513,89,424,0.17348927875243664,88,1,424,-256.8083420316609,0.39431994803853554,-0.5006010565919317,-0.5006010565919317,1.8785579547004392,-1.0,258.5188391306811,7,27,N/A (baseline non-positive)
SweepDisplacement,EURUSD,M5,Baseline,,304,304,66,238,0.21710526315789475,47,19,238,-40.442988663260245,0.8300714762047888,-0.13303614691861923,-0.13303614691861923,2.993288050556663,-1.0,60.00457318771288,7,24,N/A (baseline non-positive)
SweepDisplacement,EURUSD,M5,Cap_5.0,,304,304,66,238,0.21710526315789475,47,19,238,-62.145967058465935,0.7388824913509833,-0.20442752321863794,-0.20442752321863794,2.664455044568698,-1.0,71.23253052261356,7,24,N/A (baseline non-positive)
SweepDisplacement,EURUSD,M5,Cap_4.0,,304,304,66,238,0.21710526315789475,47,19,238,-67.72266553367379,0.715450985152631,-0.22277192609761115,-0.22277192609761115,2.5799596131261544,-1.0,74.8092289978214,7,24,N/A (baseline non-positive)
SweepDisplacement,EURUSD,M5,Cap_3.0,,304,304,66,238,0.21710526315789475,47,19,238,-78.49387087272711,0.6701938198624908,-0.258203522607655,-0.258203522607655,2.4167595322314073,-1.0,82.96994585595112,7,24,N/A (baseline non-positive)
SweepDisplacement,EURUSD,M5,Cap_2.5,,304,304,66,238,0.21710526315789475,47,19,238,-93.68058457713178,0.6063840984154125,-0.3081598176879335,-0.3081598176879335,2.1866578094373974,-1.0,97.65665956035579,7,24,N/A (baseline non-positive)
SweepDisplacement,EURUSD,M5,Cap_2.0,,304,304,66,238,0.21710526315789475,47,19,238,-112.02092663394848,0.5293238376724854,-0.36848989024325157,-0.36848989024325157,1.9087738388795688,-1.0,115.49700161717249,7,24,N/A (baseline non-positive)
SweepDisplacement,EURUSD,M15,Baseline,,88,88,11,77,0.125,9,2,77,37.7101823938924,1.4897426284921091,0.4285247999305955,0.4285247999305955,10.428198399444764,-1.0,42.122281990903616,2,27,High R-Multiple Sensitivity
SweepDisplacement,EURUSD,M15,Cap_5.0,,88,88,11,77,0.125,9,2,77,-44.37012964406748,0.4237645500770456,-0.5042060186825851,-0.5042060186825851,2.9663518505393194,-1.0,45.122281990903616,2,27,High R-Multiple Sensitivity
SweepDisplacement,EURUSD,M15,Cap_4.0,,88,88,11,77,0.125,9,2,77,-46.32054425579659,0.39843449018445976,-0.5263698210885976,-0.5263698210885976,2.7890414312912184,-1.0,47.072696602632725,2,27,High R-Multiple Sensitivity
SweepDisplacement,EURUSD,M15,Cap_3.0,,88,88,11,77,0.125,9,2,77,-50.07269660263273,0.34970523892684763,-0.5690079159390083,-0.5690079159390083,2.4479366724879332,-1.0,50.07269660263273,2,27,High R-Multiple Sensitivity
SweepDisplacement,EURUSD,M15,Cap_2.5,,88,88,11,77,0.125,9,2,77,-52.47665253991674,0.3184850319491332,-0.5963255970445084,-0.5963255970445084,2.229395223643932,-1.0,52.47665253991674,2,27,High R-Multiple Sensitivity
SweepDisplacement,EURUSD,M15,Cap_2.0,,88,88,11,77,0.125,9,2,77,-55.84139635079275,0.27478706037931494,-0.6345613221680995,-0.6345613221680995,1.9235094226552047,-1.0,55.84139635079275,2,27,High R-Multiple Sensitivity
SweepDisplacement,EURUSD,M30,Baseline,,58,58,12,46,0.20689655172413793,9,3,46,-13.95181013377696,0.6966997797005007,-0.24054845058236138,-0.24054845058236138,2.67068248885192,-1.0,16.568813454721,5,16,N/A (baseline non-positive)
SweepDisplacement,EURUSD,M30,Cap_5.0,,58,58,12,46,0.20689655172413793,9,3,46,-15.580124110648551,0.6613016497685097,-0.26862282949394056,-0.26862282949394056,2.534989657445954,-1.0,16.568813454721,5,16,N/A (baseline non-positive)
SweepDisplacement,EURUSD,M30,Cap_4.0,,58,58,12,46,0.20689655172413793,9,3,46,-16.79082571922409,0.6349820495820849,-0.28949699515903604,-0.28949699515903604,2.434097856731326,-1.0,17.140886085349532,5,16,N/A (baseline non-positive)
SweepDisplacement,EURUSD,M30,Cap_3.0,,58,58,12,46,0.20689655172413793,9,3,46,-19.79082571922409,0.569764658277737,-0.34122113309007057,-0.34122113309007057,2.184097856731326,-1.0,20.140886085349532,5,16,N/A (baseline non-positive)
SweepDisplacement,EURUSD,M30,Cap_2.5,,58,58,12,46,0.20689655172413793,9,3,46,-21.29082571922409,0.5371559626255632,-0.3670832020555878,-0.3670832020555878,2.059097856731326,-1.0,21.640886085349532,5,16,N/A (baseline non-positive)
SweepDisplacement,EURUSD,M30,Cap_2.0,,58,58,12,46,0.20689655172413793,9,3,46,-23.995079493704125,0.4783678370933886,-0.41370826713282977,-0.41370826713282977,1.8337433755246562,-1.0,23.995079493704125,5,16,N/A (baseline non-positive)
SweepDisplacement,EURUSD,H1,Baseline,,22,22,8,14,0.36363636363636365,8,0,14,7.946669377606434,1.5676192412576024,0.3612122444366561,0.3612122444366561,2.743333672200804,-1.0,8.0,3,8,Low R-Multiple Sensitivity
SweepDisplacement,EURUSD,H1,Cap_5.0,,22,22,8,14,0.36363636363636365,8,0,14,7.254491697791978,1.5181779784137126,0.3297496226269081,0.3297496226269081,2.656811462223997,-1.0,8.0,3,8,Low R-Multiple Sensitivity
SweepDisplacement,EURUSD,H1,Cap_4.0,,22,22,8,14,0.36363636363636365,8,0,14,6.254491697791978,1.4467494069851412,0.28429507717236263,0.28429507717236263,2.531811462223997,-1.0,8.0,3,8,Low R-Multiple Sensitivity
SweepDisplacement,EURUSD,H1,Cap_3.0,,22,22,8,14,0.36363636363636365,8,0,14,4.915575976562416,1.3511125697544581,0.223435271661928,0.223435271661928,2.364446997070302,-1.0,8.0,3,8,Low R-Multiple Sensitivity
SweepDisplacement,EURUSD,H1,Cap_2.5,,22,22,8,14,0.36363636363636365,8,0,14,3.4155759765624163,1.2439697126116012,0.15525345348010983,0.15525345348010983,2.176946997070302,-1.0,8.0,3,8,Low R-Multiple Sensitivity
SweepDisplacement,EURUSD,H1,Cap_2.0,,22,22,8,14,0.36363636363636365,8,0,14,1.3673821262333519,1.0976701518738108,0.0621537330106069,0.0621537330106069,1.920922765779169,-1.0,8.0,3,8,Low R-Multiple Sensitivity
SweepDisplacement,EURUSD,H4,Baseline,,0,0,0,0,0.0,0,0,0,0,0.0,0.0,0.0,0.0,0.0,0.0,0,0,N/A (baseline non-positive)
SweepDisplacement,EURUSD,H4,Cap_5.0,,0,0,0,0,0.0,0,0,0,0,0.0,0.0,0.0,0.0,0.0,0.0,0,0,N/A (baseline non-positive)
SweepDisplacement,EURUSD,H4,Cap_4.0,,0,0,0,0,0.0,0,0,0,0,0.0,0.0,0.0,0.0,0.0,0.0,0,0,N/A (baseline non-positive)
SweepDisplacement,EURUSD,H4,Cap_3.0,,0,0,0,0,0.0,0,0,0,0,0.0,0.0,0.0,0.0,0.0,0.0,0,0,N/A (baseline non-positive)
SweepDisplacement,EURUSD,H4,Cap_2.5,,0,0,0,0,0.0,0,0,0,0,0.0,0.0,0.0,0.0,0.0,0.0,0,0,N/A (baseline non-positive)
SweepDisplacement,EURUSD,H4,Cap_2.0,,0,0,0,0,0.0,0,0,0,0,0.0,0.0,0.0,0.0,0.0,0.0,0,0,N/A (baseline non-positive)
SweepDisplacement,XAUUSD,M1,Baseline,,400,400,76,324,0.19,73,3,324,-115.34221427349661,0.6440055115015537,-0.2883555356837415,-0.2883555356837415,2.745497180611887,-1.0,116.0748702919535,5,30,N/A (baseline non-positive)
SweepDisplacement,XAUUSD,M1,Cap_5.0,,400,400,76,324,0.19,73,3,324,-138.39006002939837,0.5728701850944492,-0.34597515007349594,-0.34597515007349594,2.442236052244758,-1.0,139.12271604785528,5,30,N/A (baseline non-positive)
SweepDisplacement,XAUUSD,M1,Cap_4.0,,400,400,76,324,0.19,73,3,324,-146.83748620869315,0.5467978820719345,-0.36709371552173287,-0.36709371552173287,2.3310857077803533,-1.0,147.57014222715006,5,30,N/A (baseline non-positive)
SweepDisplacement,XAUUSD,M1,Cap_3.0,,400,400,76,324,0.19,73,3,324,-157.4871363612976,0.5139285914774766,-0.39371784090324397,-0.39371784090324397,2.1909587320881903,-1.0,158.2197923797545,5,30,N/A (baseline non-positive)
SweepDisplacement,XAUUSD,M1,Cap_2.5,,400,400,76,324,0.19,73,3,324,-168.337862422274,0.4804386962275494,-0.42084465605568494,-0.42084465605568494,2.048186020759553,-1.0,169.0705184407309,5,30,N/A (baseline non-positive)
SweepDisplacement,XAUUSD,M1,Cap_2.0,,400,400,76,324,0.19,73,3,324,-183.15952230101544,0.4346928324042733,-0.4578988057525386,-0.4578988057525386,1.853164180249797,-1.0,183.89217831947235,5,30,N/A (baseline non-positive)
SweepDisplacement,XAUUSD,M5,Baseline,,313,313,54,259,0.17252396166134185,51,3,259,-108.39759032383395,0.5814764852361625,-0.3463181799483513,-0.3463181799483513,2.7889335125215937,-1.0,116.293782002308,6,28,N/A (baseline non-positive)
SweepDisplacement,XAUUSD,M5,Cap_5.0,,313,313,54,259,0.17252396166134185,51,3,259,-125.53448940748461,0.5153108517085535,-0.40106865625394444,-0.40106865625394444,2.471583529491025,-1.0,133.43068108595867,6,28,N/A (baseline non-positive)
SweepDisplacement,XAUUSD,M5,Cap_4.0,,313,313,54,259,0.17252396166134185,51,3,259,-132.00544983762302,0.490326448503386,-0.4217426512384122,-0.4217426512384122,2.351750928932907,-1.0,139.90164151609707,6,28,N/A (baseline non-positive)
SweepDisplacement,XAUUSD,M5,Cap_3.0,,313,313,54,259,0.17252396166134185,51,3,259,-141.29410530127078,0.45446291389470744,-0.4514188667772229,-0.4514188667772229,2.179738790717208,-1.0,149.19029697974483,6,28,N/A (baseline non-positive)
SweepDisplacement,XAUUSD,M5,Cap_2.5,,313,313,54,259,0.17252396166134185,51,3,259,-149.6600867870285,0.4221618270771101,-0.47814724213108145,-0.47814724213108145,2.0248132076476204,-1.0,157.41896342423846,6,28,N/A (baseline non-positive)
SweepDisplacement,XAUUSD,M5,Cap_2.0,,313,313,54,259,0.17252396166134185,51,3,259,-159.73821086863373,0.38325015108635613,-0.5103457216250279,-0.5103457216250279,1.838181280210486,-1.0,166.55758218332292,6,28,N/A (baseline non-positive)
SweepDisplacement,XAUUSD,M15,Baseline,,92,92,14,78,0.15217391304347827,12,2,78,-42.045419902766284,0.46095615509273996,-0.45701543372572045,-0.45701543372572045,2.568184292659551,-1.0,42.045419902766284,4,26,N/A (baseline non-positive)
SweepDisplacement,XAUUSD,M15,Cap_5.0,,92,92,14,78,0.15217391304347827,12,2,78,-44.22607304867131,0.43299906347857287,-0.4807181853116447,-0.4807181853116447,2.4124233536663344,-1.0,44.22607304867131,4,26,N/A (baseline non-positive)
SweepDisplacement,XAUUSD,M15,Cap_4.0,,92,92,14,78,0.15217391304347827,12,2,78,-45.22607304867132,0.42017855065806003,-0.4915877505290361,-0.4915877505290361,2.340994782237763,-1.0,45.22607304867132,4,26,N/A (baseline non-positive)
SweepDisplacement,XAUUSD,M15,Cap_3.0,,92,92,14,78,0.15217391304347827,12,2,78,-46.76266504947086,0.40047865321191206,-0.5082898374942485,-0.5082898374942485,2.2312382107520814,-1.0,46.76266504947086,4,26,N/A (baseline non-positive)
SweepDisplacement,XAUUSD,M15,Cap_2.5,,92,92,14,78,0.15217391304347827,12,2,78,-48.592774082718826,0.3770157168882202,-0.5281823269860741,-0.5281823269860741,2.1005161369486554,-1.0,48.592774082718826,4,26,N/A (baseline non-positive)
SweepDisplacement,XAUUSD,M15,Cap_2.0,,92,92,14,78,0.15217391304347827,12,2,78,-51.49731495983458,0.33977801333545404,-0.5597534234764628,-0.5597534234764628,1.8930489314403867,-1.0,51.49731495983458,4,26,N/A (baseline non-positive)
SweepDisplacement,XAUUSD,M30,Baseline,,42,42,7,35,0.16666666666666666,7,0,35,-13.62062812457201,0.6108391964407998,-0.3243006696326669,-0.3243006696326669,3.0541959822039986,-1.0,23.951535074721008,3,18,N/A (baseline non-positive)
SweepDisplacement,XAUUSD,M30,Cap_5.0,,42,42,7,35,0.16666666666666666,7,0,35,-13.712979430671828,0.6082005876950908,-0.32649951025409113,-0.32649951025409113,3.0410029384754536,-1.0,23.951535074721008,3,18,N/A (baseline non-positive)
SweepDisplacement,XAUUSD,M30,Cap_4.0,,42,42,7,35,0.16666666666666666,7,0,35,-15.064324167568468,0.5695907380694725,-0.3586743849421064,-0.3586743849421064,2.847953690347362,-1.0,23.951535074721008,3,18,N/A (baseline non-positive)
SweepDisplacement,XAUUSD,M30,Cap_3.0,,42,42,7,35,0.16666666666666666,7,0,35,-17.951535074721008,0.48709899786511407,-0.4274175017790716,-0.4274175017790716,2.4354949893255706,-1.0,23.951535074721008,3,18,N/A (baseline non-positive)
SweepDisplacement,XAUUSD,M30,Cap_2.5,,42,42,7,35,0.16666666666666666,7,0,35,-19.451535074721008,0.44424185500797125,-0.4631317874933573,-0.4631317874933573,2.221209275039856,-1.0,23.951535074721008,3,18,N/A (baseline non-positive)
SweepDisplacement,XAUUSD,M30,Cap_2.0,,42,42,7,35,0.16666666666666666,7,0,35,-21.519343445992355,0.38516161582878977,-0.5123653201426751,-0.5123653201426751,1.9258080791439487,-1.0,24.519343445992355,3,18,N/A (baseline non-positive)
SweepDisplacement,XAUUSD,H1,Baseline,,19,19,4,15,0.21052631578947367,4,0,15,-6.405787262213215,0.5729475158524523,-0.3371466980112218,-0.3371466980112218,2.1485531844466963,-1.0,11.385423719591378,2,9,N/A (baseline non-positive)
SweepDisplacement,XAUUSD,H1,Cap_5.0,,19,19,4,15,0.21052631578947367,4,0,15,-6.405787262213215,0.5729475158524523,-0.3371466980112218,-0.3371466980112218,2.1485531844466963,-1.0,11.385423719591378,2,9,N/A (baseline non-positive)
SweepDisplacement,XAUUSD,H1,Cap_4.0,,19,19,4,15,0.21052631578947367,4,0,15,-6.405787262213215,0.5729475158524523,-0.3371466980112218,-0.3371466980112218,2.1485531844466963,-1.0,11.385423719591378,2,9,N/A (baseline non-positive)
SweepDisplacement,XAUUSD,H1,Cap_3.0,,19,19,4,15,0.21052631578947367,4,0,15,-6.415442124717426,0.5723038583521716,-0.3376548486693382,-0.3376548486693382,2.1461394688206434,-1.0,11.385423719591378,2,9,N/A (baseline non-positive)
SweepDisplacement,XAUUSD,H1,Cap_2.5,,19,19,4,15,0.21052631578947367,4,0,15,-6.915442124717427,0.5389705250188382,-0.3639706381430225,-0.3639706381430225,2.0211394688206434,-1.0,11.385423719591378,2,9,N/A (baseline non-positive)
SweepDisplacement,XAUUSD,H1,Cap_2.0,,19,19,4,15,0.21052631578947367,4,0,15,-7.866474920058064,0.47556833866279574,-0.41402499579252966,-0.41402499579252966,1.783381269985484,-1.0,11.385423719591378,2,9,N/A (baseline non-positive)
SweepDisplacement,XAUUSD,H4,Baseline,,3,3,0,3,0.0,0,0,3,-3.0,0.0,-1.0,-1.0,0.0,-1.0,3.0,0,3,N/A (baseline non-positive)
SweepDisplacement,XAUUSD,H4,Cap_5.0,,3,3,0,3,0.0,0,0,3,-3.0,0.0,-1.0,-1.0,0.0,-1.0,3.0,0,3,N/A (baseline non-positive)
SweepDisplacement,XAUUSD,H4,Cap_4.0,,3,3,0,3,0.0,0,0,3,-3.0,0.0,-1.0,-1.0,0.0,-1.0,3.0,0,3,N/A (baseline non-positive)
SweepDisplacement,XAUUSD,H4,Cap_3.0,,3,3,0,3,0.0,0,0,3,-3.0,0.0,-1.0,-1.0,0.0,-1.0,3.0,0,3,N/A (baseline non-positive)
SweepDisplacement,XAUUSD,H4,Cap_2.5,,3,3,0,3,0.0,0,0,3,-3.0,0.0,-1.0,-1.0,0.0,-1.0,3.0,0,3,N/A (baseline non-positive)
SweepDisplacement,XAUUSD,H4,Cap_2.0,,3,3,0,3,0.0,0,0,3,-3.0,0.0,-1.0,-1.0,0.0,-1.0,3.0,0,3,N/A (baseline non-positive)
SweepDisplacement,GBPUSD,M1,Baseline,,451,451,92,359,0.2039911308203991,78,14,359,-69.98374571848942,0.8050592041267703,-0.15517460248002088,-0.15517460248002088,3.141481024799028,-1.0,73.44396259241293,5,21,N/A (baseline non-positive)
SweepDisplacement,GBPUSD,M1,Cap_5.0,,451,451,92,359,0.2039911308203991,78,14,359,-106.3091769191148,0.7038741589996804,-0.23571879582952285,-0.23571879582952285,2.74663938131397,-1.0,106.3091769191148,5,21,N/A (baseline non-positive)
SweepDisplacement,GBPUSD,M1,Cap_4.0,,451,451,92,359,0.2039911308203991,78,14,359,-124.56009234413216,0.6530359544731695,-0.2761864575257919,-0.2761864575257919,2.5482598658246505,-1.0,124.56009234413216,5,21,N/A (baseline non-positive)
SweepDisplacement,GBPUSD,M1,Cap_3.0,,451,451,92,359,0.2039911308203991,78,14,359,-148.1699906030103,0.5872702211615313,-0.3285365645299563,-0.3285365645299563,2.291630536923801,-1.0,148.1699906030103,5,21,N/A (baseline non-positive)
SweepDisplacement,GBPUSD,M1,Cap_2.5,,451,451,92,359,0.2039911308203991,78,14,359,-163.98162590632163,0.5432266687846196,-0.36359562285215435,-0.36359562285215435,2.119764935800852,-1.0,163.98162590632163,5,21,N/A (baseline non-positive)
SweepDisplacement,GBPUSD,M1,Cap_2.0,,451,451,92,359,0.2039911308203991,78,14,359,-186.91044182298515,0.4793581007716291,-0.4144355694522952,-0.4144355694522952,1.870538675837118,-1.0,186.91044182298515,5,21,N/A (baseline non-positive)
SweepDisplacement,GBPUSD,M5,Baseline,,313,313,65,248,0.20766773162939298,56,9,248,-54.653011302864115,0.7796249544239351,-0.17461025975355948,-0.17461025975355948,2.9745690568790137,-1.0,76.7551852720279,6,17,N/A (baseline non-positive)
SweepDisplacement,GBPUSD,M5,Cap_5.0,,313,313,65,248,0.20766773162939298,56,9,248,-78.18979601245397,0.6847185644659116,-0.24980765499186572,-0.24980765499186572,2.612464676731477,-1.0,85.72487829752373,6,17,N/A (baseline non-positive)
SweepDisplacement,GBPUSD,M5,Cap_4.0,,313,313,65,248,0.20766773162939298,56,9,248,-86.25171474960806,0.6522108276225482,-0.27556458386456245,-0.27556458386456245,2.4884351576983375,-1.0,91.78679703467782,6,17,N/A (baseline non-positive)
SweepDisplacement,GBPUSD,M5,Cap_3.0,,313,313,65,248,0.20766773162939298,56,9,248,-99.05649264403176,0.6005786586934205,-0.31647441739307275,-0.31647441739307275,2.291438574707204,-1.0,101.88701561997186,6,17,N/A (baseline non-positive)
SweepDisplacement,GBPUSD,M5,Cap_2.5,,313,313,65,248,0.20766773162939298,56,9,248,-110.60611265884845,0.554007610246579,-0.35337416184935605,-0.35337416184935605,2.113752112940793,-1.0,111.81752753383401,6,17,N/A (baseline non-positive)
SweepDisplacement,GBPUSD,M5,Cap_2.0,,313,313,65,248,0.20766773162939298,56,9,248,-126.55544202631276,0.48969579828099696,-0.40433048570706953,-0.40433048570706953,1.8683778149798036,-1.0,126.55544202631276,6,17,N/A (baseline non-positive)
SweepDisplacement,GBPUSD,M15,Baseline,,86,86,19,67,0.22093023255813954,14,5,67,16.49042671501006,1.2461257718658223,0.19174914784895417,0.19174914784895417,4.39423298500053,-1.0,28.440018104075158,4,28,High R-Multiple Sensitivity
SweepDisplacement,GBPUSD,M15,Cap_5.0,,86,86,19,67,0.22093023255813954,14,5,67,-6.911850161335082,0.8968380572935063,-0.08037035071319862,-0.08037035071319862,3.162534202034996,-1.0,28.44001810407516,4,28,High R-Multiple Sensitivity
SweepDisplacement,GBPUSD,M15,Cap_4.0,,86,86,19,67,0.22093023255813954,14,5,67,-12.911850161335082,0.8072858184875362,-0.15013779257366375,-0.15013779257366375,2.846744728350785,-1.0,28.44001810407516,4,28,High R-Multiple Sensitivity
SweepDisplacement,GBPUSD,M15,Cap_3.0,,86,86,19,67,0.22093023255813954,14,5,67,-19.75498111468009,0.7051495356017897,-0.22970908272883825,-0.22970908272883825,2.4865799413326273,-1.0,29.0,4,28,High R-Multiple Sensitivity
SweepDisplacement,GBPUSD,M15,Cap_2.5,,86,86,19,67,0.22093023255813954,14,5,67,-24.579621035439242,0.633139984545683,-0.28580954692371213,-0.28580954692371213,2.2326515244505667,-1.0,30.0,4,28,High R-Multiple Sensitivity
SweepDisplacement,GBPUSD,M15,Cap_2.0,,86,86,19,67,0.22093023255813954,14,5,67,-30.675099665865634,0.5421626915542443,-0.35668720541704224,-0.35668720541704224,1.9118368596912827,-1.0,32.14961645896735,4,28,High R-Multiple Sensitivity
SweepDisplacement,GBPUSD,M30,Baseline,,49,49,8,41,0.16326530612244897,6,2,41,-21.132097336818894,0.4845829917849048,-0.4312672925881407,-0.4312672925881407,2.4834878328976373,-1.0,28.257093906854642,3,18,N/A (baseline non-positive)
SweepDisplacement,GBPUSD,M30,Cap_5.0,,49,49,8,41,0.16326530612244897,6,2,41,-21.132097336818894,0.4845829917849048,-0.4312672925881407,-0.4312672925881407,2.4834878328976373,-1.0,28.257093906854642,3,18,N/A (baseline non-positive)
SweepDisplacement,GBPUSD,M30,Cap_4.0,,49,49,8,41,0.16326530612244897,6,2,41,-21.132097336818894,0.4845829917849048,-0.4312672925881407,-0.4312672925881407,2.4834878328976373,-1.0,28.257093906854642,3,18,N/A (baseline non-positive)
SweepDisplacement,GBPUSD,M30,Cap_3.0,,49,49,8,41,0.16326530612244897,6,2,41,-21.92911559606708,0.46514352204714426,-0.4475329713483078,-0.4475329713483078,2.3838605504916144,-1.0,29.05411216610283,3,18,N/A (baseline non-positive)
SweepDisplacement,GBPUSD,M30,Cap_2.5,,49,49,8,41,0.16326530612244897,6,2,41,-22.913984552625504,0.4411223279847437,-0.46763233780868374,-0.46763233780868374,2.2607519309218116,-1.0,29.55411216610283,3,18,N/A (baseline non-positive)
SweepDisplacement,GBPUSD,M30,Cap_2.0,,49,49,8,41,0.16326530612244897,6,2,41,-25.136902611231267,0.386904814360213,-0.5129980124741075,-0.5129980124741075,1.9828871735960916,-1.0,30.05411216610283,3,18,N/A (baseline non-positive)
SweepDisplacement,GBPUSD,H1,Baseline,,27,27,2,25,0.07407407407407407,2,0,25,-20.59996829445007,0.17600126822199727,-0.7629617886833359,-0.7629617886833359,2.200015852774966,-1.0,20.59996829445007,2,19,N/A (baseline non-positive)
SweepDisplacement,GBPUSD,H1,Cap_5.0,,27,27,2,25,0.07407407407407407,2,0,25,-20.59996829445007,0.17600126822199727,-0.7629617886833359,-0.7629617886833359,2.200015852774966,-1.0,20.59996829445007,2,19,N/A (baseline non-positive)
SweepDisplacement,GBPUSD,H1,Cap_4.0,,27,27,2,25,0.07407407407407407,2,0,25,-20.59996829445007,0.17600126822199727,-0.7629617886833359,-0.7629617886833359,2.200015852774966,-1.0,20.59996829445007,2,19,N/A (baseline non-positive)
SweepDisplacement,GBPUSD,H1,Cap_3.0,,27,27,2,25,0.07407407407407407,2,0,25,-20.59996829445007,0.17600126822199727,-0.7629617886833359,-0.7629617886833359,2.200015852774966,-1.0,20.59996829445007,2,19,N/A (baseline non-positive)
SweepDisplacement,GBPUSD,H1,Cap_2.5,,27,27,2,25,0.07407407407407407,2,0,25,-20.59996829445007,0.17600126822199727,-0.7629617886833359,-0.7629617886833359,2.200015852774966,-1.0,20.59996829445007,2,19,N/A (baseline non-positive)
SweepDisplacement,GBPUSD,H1,Cap_2.0,,27,27,2,25,0.07407407407407407,2,0,25,-21.0,0.16,-0.7777777777777778,-0.7777777777777778,2.0,-1.0,21.0,2,19,N/A (baseline non-positive)
SweepDisplacement,GBPUSD,H4,Baseline,,7,7,2,5,0.2857142857142857,2,0,5,-1.4016687118282674,0.7196662576343466,-0.20023838740403818,-0.20023838740403818,1.7991656440858663,-1.0,4.0,1,4,N/A (baseline non-positive)
SweepDisplacement,GBPUSD,H4,Cap_5.0,,7,7,2,5,0.2857142857142857,2,0,5,-1.4016687118282674,0.7196662576343466,-0.20023838740403818,-0.20023838740403818,1.7991656440858663,-1.0,4.0,1,4,N/A (baseline non-positive)
SweepDisplacement,GBPUSD,H4,Cap_4.0,,7,7,2,5,0.2857142857142857,2,0,5,-1.4016687118282674,0.7196662576343466,-0.20023838740403818,-0.20023838740403818,1.7991656440858663,-1.0,4.0,1,4,N/A (baseline non-positive)
SweepDisplacement,GBPUSD,H4,Cap_3.0,,7,7,2,5,0.2857142857142857,2,0,5,-1.4016687118282674,0.7196662576343466,-0.20023838740403818,-0.20023838740403818,1.7991656440858663,-1.0,4.0,1,4,N/A (baseline non-positive)
SweepDisplacement,GBPUSD,H4,Cap_2.5,,7,7,2,5,0.2857142857142857,2,0,5,-1.4016687118282674,0.7196662576343466,-0.20023838740403818,-0.20023838740403818,1.7991656440858663,-1.0,4.0,1,4,N/A (baseline non-positive)
SweepDisplacement,GBPUSD,H4,Cap_2.0,,7,7,2,5,0.2857142857142857,2,0,5,-1.4016687118282674,0.7196662576343466,-0.20023838740403818,-0.20023838740403818,1.7991656440858663,-1.0,4.0,1,4,N/A (baseline non-positive)
SweepDisplacement,NZDUSD,M1,Baseline,,454,454,117,337,0.2577092511013216,104,13,337,-8.537545318201827,0.9746660376314483,-0.01880516589912297,-0.01880516589912297,2.8073714075367366,-1.0,38.840590941387816,8,19,N/A (baseline non-positive)
SweepDisplacement,NZDUSD,M1,Cap_5.0,,454,454,117,337,0.2577092511013216,104,13,337,-38.0435659525245,0.8871110802595713,-0.08379640077648569,-0.08379640077648569,2.55518319698697,-1.0,42.72835077407768,8,19,N/A (baseline non-positive)
SweepDisplacement,NZDUSD,M1,Cap_4.0,,454,454,117,337,0.2577092511013216,104,13,337,-48.26922755202615,0.856767870765501,-0.10631988447582853,-0.10631988447582853,2.4677843798972123,-1.0,48.26922755202615,8,19,N/A (baseline non-positive)
SweepDisplacement,NZDUSD,M1,Cap_3.0,,454,454,117,337,0.2577092511013216,104,13,337,-66.45150042300953,0.8028145388041262,-0.1463689436630166,-0.1463689436630166,2.3123803382648758,-1.0,66.45150042300953,8,19,N/A (baseline non-positive)
SweepDisplacement,NZDUSD,M1,Cap_2.5,,454,454,117,337,0.2577092511013216,104,13,337,-85.55111558326942,0.7461391228983105,-0.1884385805798886,-0.1884385805798886,2.1491357642455604,-1.0,85.55111558326942,8,19,N/A (baseline non-positive)
SweepDisplacement,NZDUSD,M1,Cap_2.0,,454,454,117,337,0.2577092511013216,104,13,337,-117.1378737194966,0.6524098702685563,-0.25801293770814226,-0.25801293770814226,1.8791634724829351,-1.0,117.1378737194966,8,19,N/A (baseline non-positive)
SweepDisplacement,NZDUSD,M5,Baseline,,385,385,76,309,0.1974025974025974,73,3,309,-110.46664348970714,0.6425027718779704,-0.28692634672651207,-0.28692634672651207,2.6122810067143796,-1.0,111.52623477549847,7,28,N/A (baseline non-positive)
SweepDisplacement,NZDUSD,M5,Cap_5.0,,385,385,76,309,0.1974025974025974,73,3,309,-122.26320632481463,0.6043261931235772,-0.3175667696748432,-0.3175667696748432,2.457063074673491,-1.0,123.32279761060596,7,28,N/A (baseline non-positive)
SweepDisplacement,NZDUSD,M5,Cap_4.0,,385,385,76,309,0.1974025974025974,73,3,309,-128.65335860290222,0.5836460886637469,-0.334164567799746,-0.334164567799746,2.372982123646023,-1.0,128.65335860290222,7,28,N/A (baseline non-positive)
SweepDisplacement,NZDUSD,M5,Cap_3.0,,385,385,76,309,0.1974025974025974,73,3,309,-142.60769575668482,0.538486421499402,-0.37040959936801254,-0.37040959936801254,2.1893724242541475,-1.0,142.60769575668482,7,28,N/A (baseline non-positive)
SweepDisplacement,NZDUSD,M5,Cap_2.5,,385,385,76,309,0.1974025974025974,73,3,309,-152.95912082206698,0.5049866640062558,-0.3972964177196545,-0.3972964177196545,2.05316946286754,-1.0,152.95912082206698,7,28,N/A (baseline non-positive)
SweepDisplacement,NZDUSD,M5,Cap_2.0,,385,385,76,309,0.1974025974025974,73,3,309,-168.9156848979427,0.45334729806491036,-0.43874203869595507,-0.43874203869595507,1.843214672395491,-1.0,168.9156848979427,7,28,N/A (baseline non-positive)
SweepDisplacement,NZDUSD,M15,Baseline,,104,104,20,84,0.19230769230769232,19,1,84,-42.7743230183127,0.49078186882961056,-0.41129156748377593,-0.41129156748377593,2.0612838490843646,-1.0,46.39166253142379,4,15,N/A (baseline non-positive)
SweepDisplacement,NZDUSD,M15,Cap_5.0,,104,104,20,84,0.19230769230769232,19,1,84,-42.7743230183127,0.49078186882961056,-0.41129156748377593,-0.41129156748377593,2.0612838490843646,-1.0,46.39166253142379,4,15,N/A (baseline non-positive)
SweepDisplacement,NZDUSD,M15,Cap_4.0,,104,104,20,84,0.19230769230769232,19,1,84,-43.08869605707851,0.4870393326538271,-0.4143143851642164,-0.4143143851642164,2.0455651971460744,-1.0,46.7060355701896,4,15,N/A (baseline non-positive)
SweepDisplacement,NZDUSD,M15,Cap_3.0,,104,104,20,84,0.19230769230769232,19,1,84,-44.3833207625659,0.47162713377897736,-0.42676269964005675,-0.42676269964005675,1.980833961871705,-1.0,48.000660275676985,4,15,N/A (baseline non-positive)
SweepDisplacement,NZDUSD,M15,Cap_2.5,,104,104,20,84,0.19230769230769232,19,1,84,-45.8833207625659,0.4537699909218345,-0.4411857765631337,-0.4411857765631337,1.905833961871705,-1.0,49.500660275676985,4,15,N/A (baseline non-positive)
SweepDisplacement,NZDUSD,M15,Cap_2.0,,104,104,20,84,0.19230769230769232,19,1,84,-48.46007114195286,0.42309439116722786,-0.4659622225187775,-0.4659622225187775,1.7769964429023573,-1.0,51.46007114195286,4,15,N/A (baseline non-positive)
SweepDisplacement,NZDUSD,M30,Baseline,,39,39,17,22,0.4358974358974359,13,4,22,84.0704040551074,4.821382002504882,2.155651386028395,2.155651386028395,6.239435532653377,-1.0,7.679062407106452,5,4,High R-Multiple Sensitivity
SweepDisplacement,NZDUSD,M30,Cap_5.0,,39,39,17,22,0.4358974358974359,13,4,22,28.564911535647454,2.298405069802157,0.7324336291191654,0.7324336291191654,2.974406560920438,-1.0,7.679062407106452,5,4,High R-Multiple Sensitivity
SweepDisplacement,NZDUSD,M30,Cap_4.0,,39,39,17,22,0.4358974358974359,13,4,22,23.329208040075684,2.0604185472761674,0.5981848215404022,0.5981848215404022,2.666424002357393,-1.0,7.679062407106452,5,4,High R-Multiple Sensitivity
SweepDisplacement,NZDUSD,M30,Cap_3.0,,39,39,17,22,0.4358974358974359,13,4,22,16.995732571307236,1.7725332986957836,0.4357880146489035,0.4357880146489035,2.293866621841602,-1.0,7.679062407106452,5,4,High R-Multiple Sensitivity
SweepDisplacement,NZDUSD,M30,Cap_2.5,,39,39,17,22,0.4358974358974359,13,4,22,12.995732571307238,1.5907151168776017,0.33322391208480096,0.33322391208480096,2.0585725041945433,-1.0,7.679062407106452,5,4,High R-Multiple Sensitivity
SweepDisplacement,NZDUSD,M30,Cap_2.0,,39,39,17,22,0.4358974358974359,13,4,22,8.887939430247744,1.4039972468294428,0.22789588282686524,0.22789588282686524,1.816937613543985,-1.0,7.786855548165946,5,4,High R-Multiple Sensitivity
SweepDisplacement,NZDUSD,H1,Baseline,,37,37,6,31,0.16216216216216217,6,0,31,-11.992430171036494,0.6131474138375325,-0.32411973435233765,-0.32411973435233765,3.167928304827251,-1.0,25.652252389219257,3,16,N/A (baseline non-positive)
SweepDisplacement,NZDUSD,H1,Cap_5.0,,37,37,6,31,0.16216216216216217,6,0,31,-13.739235975887322,0.5567988394875057,-0.3713307020510087,-0.3713307020510087,2.87679400401878,-1.0,25.652252389219257,3,16,N/A (baseline non-positive)
SweepDisplacement,NZDUSD,H1,Cap_4.0,,37,37,6,31,0.16216216216216217,6,0,31,-15.739235975887322,0.4922827104552477,-0.42538475610506277,-0.42538475610506277,2.5434606706854463,-1.0,25.652252389219257,3,16,N/A (baseline non-positive)
SweepDisplacement,NZDUSD,H1,Cap_3.0,,37,37,6,31,0.16216216216216217,6,0,31,-17.739235975887322,0.4277665814229896,-0.4794388101591168,-0.4794388101591168,2.2101273373521133,-1.0,25.652252389219257,3,16,N/A (baseline non-positive)
SweepDisplacement,NZDUSD,H1,Cap_2.5,,37,37,6,31,0.16216216216216217,6,0,31,-18.739235975887325,0.39550851690686056,-0.5064658371861439,-0.5064658371861439,2.0434606706854463,-1.0,25.652252389219257,3,16,N/A (baseline non-positive)
SweepDisplacement,NZDUSD,H1,Cap_2.0,,37,37,6,31,0.16216216216216217,6,0,31,-19.964138217733236,0.35599554136344413,-0.5395713031819793,-0.5395713031819793,1.8393102970444613,-1.0,25.652252389219257,3,16,N/A (baseline non-positive)
SweepDisplacement,NZDUSD,H4,Baseline,,4,4,0,4,0.0,0,0,4,-4.0,0.0,-1.0,-1.0,0.0,-1.0,4.0,0,4,N/A (baseline non-positive)
SweepDisplacement,NZDUSD,H4,Cap_5.0,,4,4,0,4,0.0,0,0,4,-4.0,0.0,-1.0,-1.0,0.0,-1.0,4.0,0,4,N/A (baseline non-positive)
SweepDisplacement,NZDUSD,H4,Cap_4.0,,4,4,0,4,0.0,0,0,4,-4.0,0.0,-1.0,-1.0,0.0,-1.0,4.0,0,4,N/A (baseline non-positive)
SweepDisplacement,NZDUSD,H4,Cap_3.0,,4,4,0,4,0.0,0,0,4,-4.0,0.0,-1.0,-1.0,0.0,-1.0,4.0,0,4,N/A (baseline non-positive)
SweepDisplacement,NZDUSD,H4,Cap_2.5,,4,4,0,4,0.0,0,0,4,-4.0,0.0,-1.0,-1.0,0.0,-1.0,4.0,0,4,N/A (baseline non-positive)
SweepDisplacement,NZDUSD,H4,Cap_2.0,,4,4,0,4,0.0,0,0,4,-4.0,0.0,-1.0,-1.0,0.0,-1.0,4.0,0,4,N/A (baseline non-positive)
